-- MySQL dump 10.13  Distrib 5.5.42-37.1, for Linux (x86_64)
--
-- Host: localhost    Database: kaypiemc_atomicfiction
-- ------------------------------------------------------
-- Server version	5.5.42-37.1-log

/*!40101 SET @OLD_CHARACTER_SET_CLIENT=@@CHARACTER_SET_CLIENT */;
/*!40101 SET @OLD_CHARACTER_SET_RESULTS=@@CHARACTER_SET_RESULTS */;
/*!40101 SET @OLD_COLLATION_CONNECTION=@@COLLATION_CONNECTION */;
/*!40101 SET NAMES utf8 */;
/*!40103 SET @OLD_TIME_ZONE=@@TIME_ZONE */;
/*!40103 SET TIME_ZONE='+00:00' */;
/*!40014 SET @OLD_UNIQUE_CHECKS=@@UNIQUE_CHECKS, UNIQUE_CHECKS=0 */;
/*!40014 SET @OLD_FOREIGN_KEY_CHECKS=@@FOREIGN_KEY_CHECKS, FOREIGN_KEY_CHECKS=0 */;
/*!40101 SET @OLD_SQL_MODE=@@SQL_MODE, SQL_MODE='NO_AUTO_VALUE_ON_ZERO' */;
/*!40111 SET @OLD_SQL_NOTES=@@SQL_NOTES, SQL_NOTES=0 */;

--
-- Table structure for table `auth_assignment`
--

DROP TABLE IF EXISTS `auth_assignment`;
/*!40101 SET @saved_cs_client     = @@character_set_client */;
/*!40101 SET character_set_client = utf8 */;
CREATE TABLE `auth_assignment` (
  `item_name` varchar(64) NOT NULL,
  `user_id` varchar(64) NOT NULL,
  `created_at` int(11) DEFAULT NULL,
  PRIMARY KEY (`item_name`,`user_id`)
) ENGINE=InnoDB DEFAULT CHARSET=latin1;
/*!40101 SET character_set_client = @saved_cs_client */;

--
-- Dumping data for table `auth_assignment`
--

LOCK TABLES `auth_assignment` WRITE;
/*!40000 ALTER TABLE `auth_assignment` DISABLE KEYS */;
INSERT INTO `auth_assignment` VALUES ('admin','20',1434482861),('super','23',1434482861),('user','21',1434482861);
/*!40000 ALTER TABLE `auth_assignment` ENABLE KEYS */;
UNLOCK TABLES;

--
-- Table structure for table `auth_item`
--

DROP TABLE IF EXISTS `auth_item`;
/*!40101 SET @saved_cs_client     = @@character_set_client */;
/*!40101 SET character_set_client = utf8 */;
CREATE TABLE `auth_item` (
  `name` varchar(64) NOT NULL,
  `type` int(11) NOT NULL,
  `description` text,
  `rule_name` varchar(64) DEFAULT NULL,
  `data` text,
  `created_at` int(11) DEFAULT NULL,
  `updated_at` int(11) DEFAULT NULL,
  PRIMARY KEY (`name`),
  KEY `type` (`type`)
) ENGINE=InnoDB DEFAULT CHARSET=latin1;
/*!40101 SET character_set_client = @saved_cs_client */;

--
-- Dumping data for table `auth_item`
--

LOCK TABLES `auth_item` WRITE;
/*!40000 ALTER TABLE `auth_item` DISABLE KEYS */;
INSERT INTO `auth_item` VALUES ('admin',1,NULL,NULL,NULL,1434482617,1434482617),('super',1,NULL,NULL,NULL,1434482617,1434482617),('user',1,NULL,NULL,NULL,1434482617,1434482617);
/*!40000 ALTER TABLE `auth_item` ENABLE KEYS */;
UNLOCK TABLES;

--
-- Table structure for table `auth_item_child`
--

DROP TABLE IF EXISTS `auth_item_child`;
/*!40101 SET @saved_cs_client     = @@character_set_client */;
/*!40101 SET character_set_client = utf8 */;
CREATE TABLE `auth_item_child` (
  `parent` varchar(64) NOT NULL,
  `child` varchar(64) NOT NULL,
  PRIMARY KEY (`parent`,`child`)
) ENGINE=InnoDB DEFAULT CHARSET=latin1;
/*!40101 SET character_set_client = @saved_cs_client */;

--
-- Dumping data for table `auth_item_child`
--

LOCK TABLES `auth_item_child` WRITE;
/*!40000 ALTER TABLE `auth_item_child` DISABLE KEYS */;
INSERT INTO `auth_item_child` VALUES ('admin','user'),('super','admin');
/*!40000 ALTER TABLE `auth_item_child` ENABLE KEYS */;
UNLOCK TABLES;

--
-- Table structure for table `auth_rule`
--

DROP TABLE IF EXISTS `auth_rule`;
/*!40101 SET @saved_cs_client     = @@character_set_client */;
/*!40101 SET character_set_client = utf8 */;
CREATE TABLE `auth_rule` (
  `name` varchar(64) NOT NULL,
  `data` text,
  `created_at` int(11) DEFAULT NULL,
  `updated_at` int(11) DEFAULT NULL,
  PRIMARY KEY (`name`)
) ENGINE=InnoDB DEFAULT CHARSET=latin1;
/*!40101 SET character_set_client = @saved_cs_client */;

--
-- Dumping data for table `auth_rule`
--

LOCK TABLES `auth_rule` WRITE;
/*!40000 ALTER TABLE `auth_rule` DISABLE KEYS */;
/*!40000 ALTER TABLE `auth_rule` ENABLE KEYS */;
UNLOCK TABLES;

--
-- Table structure for table `company`
--

DROP TABLE IF EXISTS `company`;
/*!40101 SET @saved_cs_client     = @@character_set_client */;
/*!40101 SET character_set_client = utf8 */;
CREATE TABLE `company` (
  `id` int(11) NOT NULL AUTO_INCREMENT,
  `harvest_id` int(11) NOT NULL,
  `harvest_name` varchar(255) NOT NULL,
  `atomic_id` int(11) DEFAULT NULL,
  `created_on` datetime DEFAULT NULL,
  `modified_on` datetime DEFAULT NULL,
  `is_deleted` tinyint(1) DEFAULT '0',
  PRIMARY KEY (`id`)
) ENGINE=InnoDB AUTO_INCREMENT=4 DEFAULT CHARSET=latin1;
/*!40101 SET character_set_client = @saved_cs_client */;

--
-- Dumping data for table `company`
--

LOCK TABLES `company` WRITE;
/*!40000 ALTER TABLE `company` DISABLE KEYS */;
INSERT INTO `company` VALUES (1,3228304,'ConductorIO',1000,'2015-06-17 01:16:44','2016-03-02 02:06:00',0),(2,858179,'Atomic Fiction',2000,'2015-06-03 07:25:03',NULL,0),(3,2812319,'Atomic Fiction Canada',3000,'2015-06-03 07:25:03',NULL,0);
/*!40000 ALTER TABLE `company` ENABLE KEYS */;
UNLOCK TABLES;

--
-- Table structure for table `department`
--

DROP TABLE IF EXISTS `department`;
/*!40101 SET @saved_cs_client     = @@character_set_client */;
/*!40101 SET character_set_client = utf8 */;
CREATE TABLE `department` (
  `id` int(11) NOT NULL AUTO_INCREMENT,
  `harvest_id` int(11) DEFAULT NULL,
  `harvest_name` varchar(255) DEFAULT NULL,
  `atomic_id` int(11) DEFAULT NULL,
  `adp_code` varchar(255) DEFAULT NULL,
  `created_on` datetime DEFAULT NULL,
  `modified_on` datetime DEFAULT NULL,
  `is_deleted` tinyint(1) DEFAULT '0',
  `exclude` int(11) NOT NULL DEFAULT '0',
  PRIMARY KEY (`id`)
) ENGINE=InnoDB AUTO_INCREMENT=61 DEFAULT CHARSET=latin1;
/*!40101 SET character_set_client = @saved_cs_client */;

--
-- Dumping data for table `department`
--

LOCK TABLES `department` WRITE;
/*!40000 ALTER TABLE `department` DISABLE KEYS */;
INSERT INTO `department` VALUES (1,3286813,'*Bereavement',100,'F','2015-06-17 01:30:21','2015-07-14 02:20:41',0,1),(2,3534304,'*Downtime',200,NULL,'2015-06-08 08:22:20',NULL,0,0),(3,2622583,'*Early Out/In Late',300,NULL,'2015-06-08 08:22:20',NULL,0,0),(4,1190784,'*Holiday',400,'H','2015-06-08 08:22:20','2015-07-14 02:21:21',0,1),(5,1182240,'*Production',500,NULL,'2015-06-08 08:22:20',NULL,0,0),(6,1231548,'*Sick Leave',600,'S','2015-06-08 08:22:20','2015-07-14 02:21:38',0,1),(7,3298878,'*Time Off Paid (Comp)',700,'P','2015-06-08 08:22:20','2015-07-14 02:23:37',0,1),(8,1848228,'*Time Off Unpaid',800,'E','2015-06-08 08:22:20','2015-07-14 02:23:48',0,1),(9,1843313,'*Vacation',900,'V','2015-06-08 08:22:20','2015-07-14 02:21:26',0,1),(10,1896370,'Animation',1000,NULL,'2015-06-08 08:22:20',NULL,0,0),(11,1182239,'Assets',1100,NULL,'2015-06-08 08:22:20',NULL,0,0),(12,3661263,'Associate VFX Supervisor',1200,NULL,'2015-06-08 08:22:20',NULL,0,0),(13,1431537,'Biz Dev/Sales/Marketing',1300,NULL,'2015-06-08 08:22:20',NULL,0,0),(14,3295680,'CG Supervisor',1400,NULL,'2015-06-08 08:22:20',NULL,0,0),(15,3462421,'Client Support',1500,NULL,'2015-06-08 08:22:20',NULL,0,0),(16,1896373,'Compositing',1600,NULL,'2015-06-08 08:22:20',NULL,0,0),(17,3461092,'Compositing Supervisor',1700,NULL,'2015-06-08 08:22:20',NULL,0,0),(18,1953650,'Concept Art',1800,NULL,'2015-06-08 08:22:20',NULL,0,0),(19,3398503,'Data Wrangling',1900,NULL,'2015-06-08 08:22:20',NULL,0,0),(20,1181680,'Development',2000,NULL,'2015-06-08 08:22:20',NULL,0,0),(21,1190312,'Editorial',2100,NULL,'2015-06-08 08:22:20',NULL,0,0),(22,1190795,'Executive',2200,NULL,'2015-06-08 08:22:20',NULL,0,0),(23,1896371,'FX',2300,NULL,'2015-06-08 08:22:20',NULL,0,0),(24,3703551,'Grooms',2400,NULL,'2015-06-08 08:22:20',NULL,0,0),(25,3703552,'Hair/Cloth',2500,NULL,'2015-06-08 08:22:20',NULL,0,0),(26,1919942,'Lighting',2600,NULL,'2015-06-08 08:22:20',NULL,0,0),(27,1919939,'Look Dev',2700,NULL,'2015-06-08 08:22:20',NULL,0,0),(28,3843575,'Marketing',2800,NULL,'2015-06-08 08:22:20',NULL,0,0),(29,1919940,'Matchmove',2900,NULL,'2015-06-08 08:22:20',NULL,0,0),(30,1896372,'Matte Painting',3000,NULL,'2015-06-08 08:22:20',NULL,0,0),(31,1919935,'Modeling',3100,NULL,'2015-06-08 08:22:20',NULL,0,0),(32,3295579,'paint/roto',3200,NULL,'2015-06-08 08:22:20',NULL,0,0),(33,3354488,'Per Diem',3300,NULL,'2015-06-08 08:22:20',NULL,0,0),(34,4235000,'Post Show Breakdowns',3400,NULL,'2015-06-08 08:22:20',NULL,0,0),(35,1744373,'RA',3500,NULL,'2015-06-08 08:22:20',NULL,0,0),(36,2972451,'Recruiting',3600,NULL,'2015-06-08 08:22:20',NULL,0,0),(37,3753976,'Recruiting MTL',3700,NULL,'2015-06-08 08:22:20',NULL,0,0),(38,3753975,'Recruiting OAK',3800,NULL,'2015-06-08 08:22:20',NULL,0,0),(39,1919936,'Rigging',3900,NULL,'2015-06-08 08:22:20',NULL,0,0),(40,1748868,'RL',4000,NULL,'2015-06-08 08:22:20',NULL,0,0),(41,1919941,'Roto',4100,NULL,'2015-06-08 08:22:20',NULL,0,0),(42,1748862,'RP',4200,NULL,'2015-06-08 08:22:20',NULL,0,0),(43,1181682,'Sales',4300,NULL,'2015-06-08 08:22:20',NULL,0,0),(44,1848274,'SC',4400,NULL,'2015-06-08 08:22:20',NULL,0,0),(45,1182241,'Shots',4500,NULL,'2015-06-08 08:22:20',NULL,0,0),(46,3487658,'Supervising',4600,NULL,'2015-06-08 08:22:20',NULL,0,0),(47,1190779,'Support',4700,NULL,'2015-06-08 08:22:20',NULL,0,0),(48,3303705,'TD',4800,NULL,'2015-06-08 08:22:20',NULL,0,0),(49,1919938,'Texture',4900,NULL,'2015-06-08 08:22:20',NULL,0,0),(50,1181683,'Time Off',5000,NULL,'2015-06-08 08:22:20',NULL,0,0),(51,3644762,'Time Off Paid (studio closure)',5100,NULL,'2015-06-08 08:22:20',NULL,0,0),(52,1744385,'TRailer',5200,NULL,'2015-06-08 08:22:20',NULL,0,0),(53,3338157,'Training',5300,NULL,'2015-06-08 08:22:20',NULL,0,0),(54,3338867,'Travel',5400,NULL,'2015-06-08 08:22:20',NULL,0,0),(55,1744374,'TT',5500,NULL,'2015-06-08 08:22:20',NULL,0,0),(56,4554655,'Render Wrangler',5600,NULL,'2015-08-14 06:29:41',NULL,0,0),(57,5024150,'On Set',5700,NULL,'2016-03-03 02:21:29',NULL,0,0),(58,5217848,'On-Set',5800,NULL,'2016-03-03 02:21:51',NULL,0,0),(59,5342092,'Breakdowns',5900,NULL,'2016-03-03 02:22:10',NULL,0,0),(60,4729681,'*Parental Leave',650,NULL,'2016-03-03 02:22:48',NULL,0,1);
/*!40000 ALTER TABLE `department` ENABLE KEYS */;
UNLOCK TABLES;

--
-- Table structure for table `employee`
--

DROP TABLE IF EXISTS `employee`;
/*!40101 SET @saved_cs_client     = @@character_set_client */;
/*!40101 SET character_set_client = utf8 */;
CREATE TABLE `employee` (
  `id` int(11) NOT NULL AUTO_INCREMENT,
  `harvest_id` int(11) DEFAULT NULL,
  `atomic_id` int(11) DEFAULT NULL,
  `first_name` varchar(255) NOT NULL,
  `last_name` varchar(255) NOT NULL,
  `wage` decimal(19,2) DEFAULT NULL,
  `created_on` datetime DEFAULT NULL,
  `modified_on` datetime DEFAULT NULL,
  `is_deleted` tinyint(1) DEFAULT '0',
  `is_exempt` int(11) NOT NULL DEFAULT '0',
  PRIMARY KEY (`id`)
) ENGINE=InnoDB AUTO_INCREMENT=168 DEFAULT CHARSET=latin1;
/*!40101 SET character_set_client = @saved_cs_client */;

--
-- Dumping data for table `employee`
--

LOCK TABLES `employee` WRITE;
/*!40000 ALTER TABLE `employee` DISABLE KEYS */;
INSERT INTO `employee` VALUES (1,449439,67,'Aidan','Fraser',5576.92,'2015-06-17 01:55:35','2016-03-03 04:57:34',0,1),(2,926480,2060,'Alexandre','Robitaille',25.00,'2015-06-08 07:51:38','2015-06-09 05:50:35',0,0),(3,797797,96,'Amber','Playle',NULL,'2015-06-08 07:51:38','2016-03-03 05:09:33',0,0),(4,958676,2075,'Antoine','Wibaut',33.00,'2015-06-08 07:51:38','2015-06-18 12:48:57',0,0),(5,926482,2058,'Ashish','Dewan',20.00,'2015-06-08 07:51:38','2015-06-18 12:48:07',0,0),(6,412807,92,'Ayse','Arkali',3846.15,'2015-06-08 07:51:38','2016-03-03 04:46:24',0,1),(7,956433,2073,'Benoit','Bourgoin',35.00,'2015-06-08 07:51:38','2015-06-18 12:48:20',0,0),(8,909050,2050,'Biagio','Figliuzzi',21.00,'2015-06-08 07:51:38','2015-06-18 12:50:04',0,0),(9,915588,128,'Brian','Flora',5769.23,'2015-06-08 07:51:38','2016-03-03 04:56:52',0,1),(10,803255,2011,'Bruno','Gagné',45.00,'2015-06-08 07:51:38','2015-06-18 12:50:19',0,0),(11,989412,132,'Caroline','Robinson',20.00,'2015-06-08 07:51:38','2015-06-18 12:50:25',0,0),(12,980174,2075,'Chris','Martin',19.00,'2015-06-08 07:51:38','2015-07-10 04:48:45',0,1),(13,435690,89,'Cindy','Lin',28.00,'2015-06-08 07:51:38','2015-06-18 12:50:41',0,0),(14,879274,64,'Cole','Kelly',13.00,'2015-06-08 07:51:38','2015-07-10 04:44:49',0,1),(15,324252,70,'Dale','Taylor',5461.54,'2015-06-08 07:51:38','2016-03-03 05:05:21',0,1),(16,939963,113,'Darnie','Galloway',3230.77,'2015-06-08 07:51:38','2016-03-03 04:58:32',0,1),(17,897025,105,'Debra','Blanchard Knight',42.00,'2015-06-08 07:51:38','2015-06-18 12:49:34',0,0),(18,841406,84,'Dennis','Lin',2307.69,'2015-06-08 07:51:38','2016-03-03 05:02:01',0,1),(19,986700,129,'Elexis','Coleman',2615.38,'2015-06-08 07:51:38','2016-03-03 04:56:02',0,1),(20,896487,2040,'Felix','Lafontaine',22.00,'2015-06-08 07:51:38','2015-06-18 12:49:18',0,0),(21,788035,2006,'Geneviève','Touchette',NULL,'2015-06-08 07:51:38','2015-07-10 04:49:33',0,1),(22,777317,86,'Geraldine','Morales',2115.38,'2015-06-08 07:51:38','2016-03-03 05:03:28',0,1),(23,901660,101,'Gianni','Aliotti',NULL,'2015-06-08 07:51:38',NULL,0,0),(24,654508,53,'Greg','Denton',NULL,'2015-06-08 07:51:38',NULL,0,0),(25,590485,115,'Hirofumi','Kasagi',NULL,'2015-06-08 07:51:38',NULL,0,0),(26,937471,52,'Hunter','Williams',NULL,'2015-06-08 07:51:38',NULL,0,0),(27,885665,2032,'James','Tavet',NULL,'2015-06-08 07:51:38',NULL,0,0),(28,659761,74,'Jason','Arrieta',NULL,'2015-06-08 07:51:38',NULL,0,0),(29,304735,59,'Jason','Funk',NULL,'2015-06-08 07:51:38',NULL,0,0),(30,444078,2031,'Jed','Smith',NULL,'2015-06-08 07:51:38',NULL,0,0),(31,786173,77,'Jenna','Kerr',3750.00,'2015-06-08 07:51:38','2016-03-03 05:00:22',0,1),(32,456160,90,'Jesse','Kim',4134.62,'2015-06-08 07:51:38','2016-03-03 05:01:00',0,1),(33,299357,62,'Jim','Gibbs',NULL,'2015-06-08 07:51:38','2015-07-10 04:43:48',0,1),(34,855185,2027,'Jimmy','Lavallée',NULL,'2015-06-08 07:51:38',NULL,0,0),(35,959726,125,'Joe','Hughes',NULL,'2015-06-08 07:51:38',NULL,0,0),(36,990173,133,'John','Kunz',NULL,'2015-06-08 07:51:38',NULL,0,0),(37,897448,75,'John','Stillman',NULL,'2015-06-08 07:51:38','2015-07-10 04:46:37',0,1),(38,877858,2035,'Jonathan','Fleming-Bock',NULL,'2015-06-08 07:51:38',NULL,0,0),(39,733111,2001,'Julie','Cardinal',NULL,'2015-06-08 07:51:38','2015-07-10 04:48:10',0,1),(40,324247,60,'Julie','Jaros',NULL,'2015-06-08 07:51:38',NULL,0,0),(41,967814,127,'Kathryn','Sigimund',NULL,'2015-06-08 07:51:38','2015-07-10 04:47:27',0,1),(42,296979,65,'Kevin','Baillie',3846.15,'2015-06-08 07:51:38','2016-03-03 04:54:18',0,1),(43,931837,2059,'Laïna','Bennani',NULL,'2015-06-08 07:51:38',NULL,0,0),(44,603607,82,'Laura','Denton',NULL,'2015-06-08 07:51:38','2015-07-10 04:42:17',0,1),(45,760932,2002,'Laurent','Taillefer',NULL,'2015-06-08 07:51:38','2015-07-10 04:49:31',0,1),(46,897441,57,'Lawrence','Schlosser',NULL,'2015-06-08 07:51:38',NULL,0,0),(47,797905,2010,'Leo-Patrick','Houde',NULL,'2015-06-08 07:51:38',NULL,0,0),(48,766349,2003,'Lorna','Kidjo',NULL,'2015-06-08 07:51:38',NULL,0,0),(49,808198,2012,'Manuel','Huertas Marchena',NULL,'2015-06-08 07:51:38',NULL,0,0),(50,788474,81,'Marc','Ostroff',6923.08,'2015-06-08 07:51:38','2016-03-03 05:03:52',0,1),(51,678406,63,'Marc','Sadeghi',6923.08,'2015-06-08 07:51:38','2016-03-03 05:10:31',0,1),(52,896486,2041,'Marc','Taganas',NULL,'2015-06-08 07:51:38',NULL,0,0),(53,766348,2004,'Marc-Antoine','Paquin',NULL,'2015-06-08 07:51:38','2015-07-10 04:48:59',0,1),(54,958675,2072,'Marie-Ève','Baron',NULL,'2015-06-08 07:51:38',NULL,0,0),(55,818595,2014,'Mark Joey','Tang',NULL,'2015-06-08 07:51:38',NULL,0,0),(56,969576,54,'Martin','Rhoads',NULL,'2015-06-08 07:51:38',NULL,0,0),(57,801295,58,'Matt','DuVall',NULL,'2015-06-08 07:51:38',NULL,0,0),(58,835647,2017,'Matthew','Maude',NULL,'2015-06-08 07:51:38','2015-07-10 04:48:47',0,1),(59,889574,78,'Matthew','Wong',NULL,'2015-06-08 07:51:38',NULL,0,0),(60,909042,2046,'Maxime','Béliveau',NULL,'2015-06-08 07:51:38',NULL,0,0),(61,832235,85,'Megan','McDonald',2884.62,'2015-06-08 07:51:38','2016-03-03 05:02:51',0,1),(62,879251,2033,'Melissa','Chou',NULL,'2015-06-08 07:51:38','2015-07-10 04:48:13',0,1),(63,896492,2042,'Mike','Huang',NULL,'2015-06-08 07:51:38',NULL,0,0),(64,299363,103,'Mike','Janov',6153.85,'2015-06-08 07:51:38','2016-03-03 04:59:46',0,1),(65,786174,71,'Mike','Palleschi',NULL,'2015-06-08 07:51:38',NULL,0,0),(66,961376,2074,'Namgyal','Tsering',NULL,'2015-06-08 07:51:38','2015-07-10 04:49:36',0,1),(67,989411,134,'Nico','Sanghrajka',5890.00,'2015-06-08 07:51:38','2016-03-03 05:04:57',0,1),(68,759541,93,'Nurit','Raphael',NULL,'2015-06-08 07:51:38',NULL,0,0),(69,909044,2048,'Olivier','Deveux',NULL,'2015-06-08 07:51:38',NULL,0,0),(70,825183,2016,'Patrick','Cardin',NULL,'2015-06-08 07:51:38',NULL,0,0),(71,744872,69,'Robert','Jordan',NULL,'2015-06-08 07:51:38','2015-07-10 04:44:30',0,1),(72,991627,2077,'Robin','Lamontagne',NULL,'2015-06-08 07:51:38',NULL,0,0),(73,842220,26,'Melissa','Boily',25.00,'2015-08-10 11:37:57',NULL,0,0),(74,1019548,80,'Alex','Gunter',47.50,'2015-08-10 11:39:21',NULL,0,0),(75,1030023,2081,'Alizée','Plourde',16.83,'2015-08-10 11:40:28',NULL,0,0),(76,1066609,151,'Caleb','Pennypacker',NULL,'2015-08-17 08:37:16',NULL,0,0),(77,1058519,147,'Don','Waller',NULL,'2015-08-17 08:37:49',NULL,0,0),(78,1052564,145,'Gongjin','Wang',NULL,'2015-08-17 08:38:42',NULL,0,0),(79,1058518,145,'Guido','Muzzarelli',NULL,'2015-08-17 08:39:21',NULL,0,0),(80,1060059,148,'Jeremy','Bolan',NULL,'2015-08-17 08:40:04',NULL,0,0),(81,744871,53,'Rudy','Grossman',6346.15,'2015-08-17 08:41:07','2016-03-03 04:58:07',0,1),(82,777315,136,'Lenora','Acidera',NULL,'2015-08-17 08:42:13',NULL,0,0),(83,1008085,135,'Lucas','Glashoff',NULL,'2015-08-17 08:42:50',NULL,0,0),(84,1028756,140,'Mark','Casey',NULL,'2015-08-17 08:43:47',NULL,0,1),(85,1045864,143,'Mark','Powers',NULL,'2015-08-17 08:44:16',NULL,0,0),(86,762723,138,'Mike','Song',NULL,'2015-08-17 08:44:50',NULL,0,0),(87,296821,66,'Ryan','Tudhope',3846.15,'2015-08-17 08:45:35','2016-03-03 05:05:48',0,1),(88,425062,76,'Sandra','Scott',NULL,'2015-08-17 08:46:05',NULL,0,1),(89,785684,73,'Sean','Whitacre',4615.38,'2015-08-17 08:46:47','2016-03-03 05:06:58',0,1),(90,956570,139,'Ting','Lo',NULL,'2015-08-17 08:47:54',NULL,0,0),(91,989410,130,'Will','Muto',NULL,'2015-08-17 08:48:33',NULL,0,0),(92,322705,102,'Woei','Lee',6000.00,'2015-08-17 08:49:05','2016-03-03 05:01:28',0,1),(93,990175,150,'Stuart','Gordon',NULL,'2015-08-17 08:49:38',NULL,0,0),(94,815214,68,'Todd','Dufour',NULL,'2015-08-17 08:50:07',NULL,0,0),(95,322702,120,'Tom','Hutchinson',NULL,'2015-08-17 08:50:35',NULL,0,0),(96,1019654,137,'Webster','Colcord',NULL,'2015-08-17 08:51:06',NULL,0,1),(97,930537,149,'Tristan','Brown',NULL,'2015-08-17 08:51:37',NULL,0,0),(98,1075701,152,'Alex','Benavente',NULL,'2015-08-24 06:55:54',NULL,0,0),(99,1068864,153,'Bridget','Goodman',NULL,'2015-08-24 06:56:15',NULL,0,0),(100,777313,95,'Patrick','Louie',NULL,'2015-08-24 06:56:58',NULL,0,0),(101,1071771,154,'Max','Rodriguez',NULL,'2015-08-24 06:57:43',NULL,0,0),(102,1036403,56,'Justin','Onstine',NULL,'2015-08-24 06:58:30','2015-08-24 06:58:54',0,1),(103,1079233,144,'Jonathan','Harman',NULL,'2015-09-22 02:00:34',NULL,0,1),(104,1079233,144,'Jonathan','Harman',6730.77,'2015-09-22 02:00:39','2016-03-03 04:59:14',0,1),(105,1079095,155,'Brian','Fukushima',NULL,'2015-09-22 02:04:43',NULL,0,0),(106,837220,156,'Chen Kuang','Hsu',NULL,'2015-09-22 02:06:06',NULL,0,0),(107,1058515,146,'Ryan','Bradley',NULL,'2015-09-22 08:40:23',NULL,0,0),(108,1086544,2092,'Alex','Lama',NULL,'2015-09-22 08:42:37',NULL,0,0),(109,1086540,2091,'Delta','Manzano',NULL,'2015-09-22 08:43:33',NULL,0,0),(110,1099746,2095,'Sarah','Kfoury',NULL,'2015-09-22 08:44:21',NULL,0,0),(111,1094444,2094,'Marque Pierre','Sondergaard',NULL,'2015-09-22 08:45:16',NULL,0,0),(112,792965,2009,'Sean','Samuels',NULL,'2015-09-22 08:46:02',NULL,0,0),(113,1073342,2088,'Marine','Laviéville',NULL,'2015-09-22 08:46:28',NULL,0,0),(114,1042507,2083,'Manuel','Llamas',NULL,'2015-09-22 08:47:11',NULL,0,0),(115,1078840,2090,'Jesse','Meler',NULL,'2015-09-22 08:47:52',NULL,0,0),(116,1094442,2093,'James','Kirk',NULL,'2015-09-22 08:51:00',NULL,0,1),(117,1019556,2079,'Penny','Peroff',NULL,'2015-09-22 08:51:47',NULL,0,1),(118,1048259,2086,'Russell','Dubé',NULL,'2015-09-22 08:52:14',NULL,0,1),(119,909045,2047,'Simon','Hétu',NULL,'2015-09-22 08:52:43',NULL,0,0),(120,835649,2018,'Vivianne','Lévesque-Bouchard',NULL,'2015-09-22 08:53:05',NULL,0,0),(121,1073327,2089,'Jeremy','Eliosoff',NULL,'2015-09-22 08:59:53',NULL,0,0),(122,909049,2051,'Rodrigo','Armendariz',NULL,'2015-09-22 09:00:49',NULL,0,0),(123,1052572,2085,'Wayne','Vincenzi',NULL,'2015-09-22 09:01:07',NULL,0,0),(124,931841,2061,'Veera (Teja)','Malla',NULL,'2015-09-22 09:01:27',NULL,0,0),(125,608633,2053,'Seth','Hill',NULL,'2015-09-22 09:01:47',NULL,0,1),(126,608633,2053,'Seth','Hill',NULL,'2015-09-22 09:01:47',NULL,0,1),(127,1035394,2084,'Seth','Cobb',NULL,'2015-09-22 09:02:21',NULL,0,0),(128,1041291,2082,'Nicolas','Duchesneau-Tsimiklis',NULL,'2015-09-22 09:04:52',NULL,0,0),(129,1131847,158,'Amanda','Belo',2682.31,'2015-11-03 08:15:46','2016-03-03 04:54:57',0,1),(130,1131847,158,'Amanda','Belo',NULL,'2015-11-03 08:15:50',NULL,0,1),(131,1135487,160,'Laurie','Blavin',6346.15,'2015-11-03 08:17:07','2016-03-03 04:55:23',0,1),(132,1118896,157,'Scott','Fritts',NULL,'2015-11-03 08:17:34',NULL,0,0),(133,1130328,159,'Mike','Dacko',NULL,'2015-11-03 08:18:25',NULL,0,0),(134,1151346,162,'Camila','Robayo Duran',NULL,'2016-03-03 01:34:56',NULL,0,0),(135,1179821,167,'Carl','Walters',6923.08,'2016-03-03 01:35:47','2016-03-03 05:06:13',0,1),(136,1155307,164,'Ruby','Acosta',NULL,'2016-03-03 01:40:04',NULL,0,0),(137,1206987,2128,'Pieter Paul','Luypaert',NULL,'2016-03-03 01:42:18',NULL,0,0),(138,1206991,2127,'Prashant','Raj',NULL,'2016-03-03 01:42:47',NULL,0,0),(139,1189772,2126,'Francisco','Robles',NULL,'2016-03-03 01:43:10',NULL,0,0),(140,1181970,2123,'Daniel','Giron',NULL,'2016-03-03 01:44:18',NULL,0,0),(141,1181966,2122,'Barrett','Davis',NULL,'2016-03-03 01:44:59',NULL,0,0),(142,1168409,2121,'Francesca','Mancini',NULL,'2016-03-03 01:45:19',NULL,0,1),(143,1164732,2119,'Laurent','Srey',NULL,'2016-03-03 01:46:18',NULL,0,0),(144,1156615,2118,'Adam','Klein',NULL,'2016-03-03 01:46:39',NULL,0,0),(145,1153398,2117,'Guillaume','Duchaussoy',NULL,'2016-03-03 01:47:19','2016-03-03 01:47:47',0,0),(146,1153399,2116,'Sharon','Johnson',NULL,'2016-03-03 01:48:47',NULL,0,0),(147,1150945,2115,'Mike','Kwan',NULL,'2016-03-03 01:49:06',NULL,0,0),(148,1147185,2114,'Barbara','Lopez Saenz',NULL,'2016-03-03 01:49:31',NULL,0,0),(149,1147189,113,'Juan','Rodriguez',NULL,'2016-03-03 01:50:06',NULL,0,0),(150,1139214,2110,'Lynn','Azar',NULL,'2016-03-03 01:50:56',NULL,0,1),(151,1139384,2111,'Erick','Leos',NULL,'2016-03-03 01:51:17',NULL,0,0),(152,1139218,2109,'Jonathan','Llewellyn',NULL,'2016-03-03 01:51:44',NULL,0,0),(153,1139288,2108,'Kevin','Couture',NULL,'2016-03-03 01:52:01',NULL,0,0),(154,1127147,2107,'Annie','Normandin',NULL,'2016-03-03 01:52:24',NULL,0,1),(155,1133418,2106,'Kat','Black',NULL,'2016-03-03 01:52:50',NULL,0,0),(156,1135056,2105,'Melanie','Sauve',NULL,'2016-03-03 01:53:16',NULL,0,0),(157,1129707,2104,'Sandra','Roach',NULL,'2016-03-03 01:53:36',NULL,0,0),(158,1129708,2103,'Kenny','Yong',NULL,'2016-03-03 01:53:58',NULL,0,0),(159,1124019,2101,'Sarah','Young',NULL,'2016-03-03 01:54:36',NULL,0,0),(160,1115433,2100,'Christiane','Caya',NULL,'2016-03-03 01:54:58',NULL,0,0),(161,1122561,2099,'David','Ferron',NULL,'2016-03-03 01:55:32',NULL,0,0),(162,1115384,2098,'Guillaume','Charron',NULL,'2016-03-03 01:55:53',NULL,0,0),(163,1120752,2097,'Saul Davide','Galbiati',NULL,'2016-03-03 01:56:15',NULL,0,0),(164,1106832,2096,'Shawn','Wallbridge',NULL,'2016-03-03 01:56:37',NULL,0,1),(165,1214130,2129,'Leonardo','Grabau',NULL,'2016-03-03 01:59:12',NULL,0,0),(166,896498,168,'Debora','Santosa',NULL,'2016-03-03 02:01:07',NULL,0,0),(167,1181971,3055,'Monique','Bradshaw',NULL,'2016-03-03 02:04:16','2016-03-03 02:05:05',0,1);
/*!40000 ALTER TABLE `employee` ENABLE KEYS */;
UNLOCK TABLES;

--
-- Table structure for table `employee_wage_history`
--

DROP TABLE IF EXISTS `employee_wage_history`;
/*!40101 SET @saved_cs_client     = @@character_set_client */;
/*!40101 SET character_set_client = utf8 */;
CREATE TABLE `employee_wage_history` (
  `id` int(11) NOT NULL AUTO_INCREMENT,
  `employee_id` int(11) NOT NULL,
  `wage` decimal(19,2) DEFAULT NULL,
  `change_date` datetime DEFAULT NULL,
  PRIMARY KEY (`id`)
) ENGINE=InnoDB AUTO_INCREMENT=22 DEFAULT CHARSET=latin1;
/*!40101 SET character_set_client = @saved_cs_client */;

--
-- Dumping data for table `employee_wage_history`
--

LOCK TABLES `employee_wage_history` WRITE;
/*!40000 ALTER TABLE `employee_wage_history` DISABLE KEYS */;
INSERT INTO `employee_wage_history` VALUES (8,1,11.00,'2015-06-09 05:37:15'),(9,2,25.00,'2015-06-09 05:50:35'),(10,3,25.00,'2015-06-09 05:50:48'),(11,1,17.00,'2015-06-16 05:19:32'),(12,1,25.00,'2015-06-16 05:19:51'),(13,6,3846.15,'2016-03-03 04:46:25'),(14,19,2615.38,'2016-03-03 04:56:02'),(15,9,5769.23,'2016-03-03 04:56:52'),(16,1,5576.92,'2016-03-03 04:57:34'),(17,16,3230.77,'2016-03-03 04:58:32'),(18,18,2307.69,'2016-03-03 05:02:01'),(19,15,5461.54,'2016-03-03 05:05:21'),(20,3,NULL,'2016-03-03 05:09:33'),(21,51,6923.08,'2016-03-03 05:10:31');
/*!40000 ALTER TABLE `employee_wage_history` ENABLE KEYS */;
UNLOCK TABLES;

--
-- Table structure for table `migration`
--

DROP TABLE IF EXISTS `migration`;
/*!40101 SET @saved_cs_client     = @@character_set_client */;
/*!40101 SET character_set_client = utf8 */;
CREATE TABLE `migration` (
  `version` varchar(180) NOT NULL,
  `apply_time` int(11) DEFAULT NULL,
  PRIMARY KEY (`version`)
) ENGINE=InnoDB DEFAULT CHARSET=latin1;
/*!40101 SET character_set_client = @saved_cs_client */;

--
-- Dumping data for table `migration`
--

LOCK TABLES `migration` WRITE;
/*!40000 ALTER TABLE `migration` DISABLE KEYS */;
INSERT INTO `migration` VALUES ('m000000_000000_base',1435238250),('m150625_132213_addpayrollitems',1435239740),('m150625_165114_updatepayrolltable',1435251200),('m150625_213647_updatepayrolltable',1435268315),('m150710_190623_updatepayrollitemtables',1436556099),('m150714_175855_updatepayrollhoursother',1436897007),('m150714_181556_updatedepartmentwithcode',1436897861);
/*!40000 ALTER TABLE `migration` ENABLE KEYS */;
UNLOCK TABLES;

--
-- Table structure for table `payroll`
--

DROP TABLE IF EXISTS `payroll`;
/*!40101 SET @saved_cs_client     = @@character_set_client */;
/*!40101 SET character_set_client = utf8 */;
CREATE TABLE `payroll` (
  `id` int(11) NOT NULL AUTO_INCREMENT,
  `run_by_user_id` int(11) NOT NULL,
  `week_of` varchar(255) NOT NULL,
  `status` varchar(255) NOT NULL,
  `batch_id` varchar(255) DEFAULT NULL,
  `type` varchar(255) NOT NULL,
  `created_on` datetime DEFAULT NULL,
  `modified_on` datetime DEFAULT NULL,
  PRIMARY KEY (`id`)
) ENGINE=InnoDB AUTO_INCREMENT=7 DEFAULT CHARSET=latin1;
/*!40101 SET character_set_client = @saved_cs_client */;

--
-- Dumping data for table `payroll`
--

LOCK TABLES `payroll` WRITE;
/*!40000 ALTER TABLE `payroll` DISABLE KEYS */;
INSERT INTO `payroll` VALUES (1,20,'2016-02-22','completed',NULL,'usa','2016-03-02 02:38:22','2016-03-03 11:10:40'),(2,20,'2015-10-19','completed',NULL,'usa','2016-03-02 02:38:40','2016-03-02 02:39:32'),(3,20,'2016-02-08','processing',NULL,'usa','2016-03-02 09:08:14','2016-03-04 08:57:49'),(4,20,'2016-01-25','processing',NULL,'usa','2016-03-02 09:08:26','2016-03-02 09:08:45'),(5,20,'2016-01-11','processing',NULL,'usa','2016-03-02 09:08:51','2016-03-02 09:09:13'),(6,20,'2015-12-28','processing',NULL,'usa','2016-03-02 09:09:22','2016-03-02 09:09:44');
/*!40000 ALTER TABLE `payroll` ENABLE KEYS */;
UNLOCK TABLES;

--
-- Table structure for table `payroll_deduction_code`
--

DROP TABLE IF EXISTS `payroll_deduction_code`;
/*!40101 SET @saved_cs_client     = @@character_set_client */;
/*!40101 SET character_set_client = utf8 */;
CREATE TABLE `payroll_deduction_code` (
  `id` int(11) NOT NULL AUTO_INCREMENT,
  `code_id` varchar(255) NOT NULL,
  `code` varchar(255) NOT NULL,
  `description` varchar(255) DEFAULT NULL,
  PRIMARY KEY (`id`)
) ENGINE=InnoDB DEFAULT CHARSET=latin1;
/*!40101 SET character_set_client = @saved_cs_client */;

--
-- Dumping data for table `payroll_deduction_code`
--

LOCK TABLES `payroll_deduction_code` WRITE;
/*!40000 ALTER TABLE `payroll_deduction_code` DISABLE KEYS */;
/*!40000 ALTER TABLE `payroll_deduction_code` ENABLE KEYS */;
UNLOCK TABLES;

--
-- Table structure for table `payroll_item`
--

DROP TABLE IF EXISTS `payroll_item`;
/*!40101 SET @saved_cs_client     = @@character_set_client */;
/*!40101 SET character_set_client = utf8 */;
CREATE TABLE `payroll_item` (
  `id` int(11) NOT NULL AUTO_INCREMENT,
  `payroll_id` int(11) NOT NULL,
  `employee_harvest_id` int(11) NOT NULL,
  `wage` decimal(5,2) DEFAULT NULL,
  `raw_hours` decimal(4,2) DEFAULT NULL,
  `created_on` datetime DEFAULT NULL,
  `modified_on` datetime DEFAULT NULL,
  PRIMARY KEY (`id`)
) ENGINE=InnoDB AUTO_INCREMENT=361 DEFAULT CHARSET=latin1;
/*!40101 SET character_set_client = @saved_cs_client */;

--
-- Dumping data for table `payroll_item`
--

LOCK TABLES `payroll_item` WRITE;
/*!40000 ALTER TABLE `payroll_item` DISABLE KEYS */;
INSERT INTO `payroll_item` VALUES (41,2,435690,27.50,85.75,'2016-03-02 02:39:16','2016-03-02 02:39:16'),(42,2,788474,86.54,80.00,'2016-03-02 02:39:16','2016-03-02 02:39:16'),(43,2,841406,26.44,80.00,'2016-03-02 02:39:16','2016-03-02 02:39:16'),(44,2,412807,48.07,44.62,'2016-03-02 02:39:16','2016-03-02 02:39:16'),(45,2,296821,86.54,99.99,'2016-03-02 02:39:16','2016-03-02 02:39:16'),(46,2,832235,36.05,90.00,'2016-03-02 02:39:16','2016-03-02 02:39:16'),(47,2,879274,26.44,98.00,'2016-03-02 02:39:16','2016-03-02 02:39:16'),(48,2,777317,26.44,80.00,'2016-03-02 02:39:16','2016-03-02 02:39:16'),(49,2,678406,86.54,80.00,'2016-03-02 02:39:16','2016-03-02 02:39:16'),(50,2,986700,32.69,90.00,'2016-03-02 02:39:16','2016-03-02 02:39:16'),(51,2,296979,86.54,90.00,'2016-03-02 02:39:16','2016-03-02 02:39:16'),(52,2,1131847,33.65,44.90,'2016-03-02 02:39:16','2016-03-02 02:39:16'),(53,2,1135487,79.32,36.00,'2016-03-02 02:39:16','2016-03-02 02:39:16'),(54,2,449439,69.71,77.00,'2016-03-02 02:39:16','2016-03-02 02:39:16'),(55,2,797797,22.00,90.00,'2016-03-02 02:39:16','2016-03-02 02:39:16'),(56,2,897441,52.88,90.00,'2016-03-02 02:39:16','2016-03-02 02:39:16'),(57,2,989412,38.59,40.00,'2016-03-02 02:39:16','2016-03-02 02:39:16'),(58,2,1008085,20.00,99.99,'2016-03-02 02:39:16','2016-03-02 02:39:16'),(59,2,324252,68.27,88.00,'2016-03-02 02:39:16','2016-03-02 02:39:16'),(60,2,801295,45.00,82.50,'2016-03-02 02:39:16','2016-03-02 02:39:16'),(61,2,744871,79.33,90.00,'2016-03-02 02:39:16','2016-03-02 02:39:16'),(62,2,659761,40.00,83.50,'2016-03-02 02:39:16','2016-03-02 02:39:16'),(63,2,959726,52.00,90.00,'2016-03-02 02:39:16','2016-03-02 02:39:16'),(64,2,990175,66.00,90.00,'2016-03-02 02:39:16','2016-03-02 02:39:16'),(65,2,456160,51.68,84.00,'2016-03-02 02:39:16','2016-03-02 02:39:16'),(66,2,1058515,49.00,99.99,'2016-03-02 02:39:16','2016-03-02 02:39:16'),(67,2,989410,48.00,90.00,'2016-03-02 02:39:16','2016-03-02 02:39:16'),(68,2,1060059,50.00,99.99,'2016-03-02 02:39:16','2016-03-02 02:39:16'),(69,2,590485,24.00,44.50,'2016-03-02 02:39:16','2016-03-02 02:39:16'),(70,2,1118896,50.00,99.99,'2016-03-02 02:39:16','2016-03-02 02:39:16'),(71,2,777315,42.50,99.99,'2016-03-02 02:39:16','2016-03-02 02:39:16'),(72,2,786174,53.56,84.00,'2016-03-02 02:39:16','2016-03-02 02:39:16'),(73,2,1058519,50.00,98.50,'2016-03-02 02:39:16','2016-03-02 02:39:16'),(74,2,1075701,16.00,88.50,'2016-03-02 02:39:16','2016-03-02 02:39:16'),(75,2,1058518,44.00,99.99,'2016-03-02 02:39:16','2016-03-02 02:39:16'),(76,2,1019654,55.50,90.00,'2016-03-02 02:39:16','2016-03-02 02:39:16'),(77,2,1079233,84.13,99.99,'2016-03-02 02:39:17','2016-03-02 02:39:17'),(78,2,1045864,50.00,99.99,'2016-03-02 02:39:17','2016-03-02 02:39:17'),(79,2,815214,60.00,89.00,'2016-03-02 02:39:17','2016-03-02 02:39:17'),(80,2,1071771,50.00,90.00,'2016-03-02 02:39:17','2016-03-02 02:39:17'),(81,2,837220,25.00,94.00,'2016-03-02 02:39:17','2016-03-02 02:39:17'),(82,2,1068864,50.00,93.00,'2016-03-02 02:39:17','2016-03-02 02:39:17'),(83,2,324247,45.00,99.99,'2016-03-02 02:39:17','2016-03-02 02:39:17'),(84,2,989411,73.62,85.00,'2016-03-02 02:39:17','2016-03-02 02:39:17'),(85,2,939963,40.38,90.00,'2016-03-02 02:39:17','2016-03-02 02:39:17'),(86,2,299363,76.92,90.00,'2016-03-02 02:39:17','2016-03-02 02:39:17'),(87,2,915588,72.11,87.00,'2016-03-02 02:39:17','2016-03-02 02:39:17'),(88,2,304735,33.00,90.00,'2016-03-02 02:39:17','2016-03-02 02:39:17'),(89,2,1130328,67.12,50.00,'2016-03-02 02:39:17','2016-03-02 02:39:17'),(90,2,322705,75.00,99.99,'2016-03-02 02:39:17','2016-03-02 02:39:17'),(91,2,1028756,76.90,99.99,'2016-03-02 02:39:17','2016-03-02 02:39:17'),(92,2,785684,57.69,85.00,'2016-03-02 02:39:17','2016-03-02 02:39:17'),(93,2,744872,86.54,89.00,'2016-03-02 02:39:17','2016-03-02 02:39:17'),(94,2,786173,46.87,99.99,'2016-03-02 02:39:17','2016-03-02 02:39:17'),(95,2,969576,67.30,80.00,'2016-03-02 02:39:17','2016-03-02 02:39:17'),(96,2,1036403,57.69,80.00,'2016-03-02 02:39:17','2016-03-02 02:39:17'),(97,2,937471,72.12,80.00,'2016-03-02 02:39:17','2016-03-02 02:39:17'),(98,1,1151346,18.00,27.00,'2016-03-02 02:42:15','2016-03-02 02:42:15'),(99,1,412807,48.07,60.50,'2016-03-02 02:42:15','2016-03-02 02:42:15'),(100,1,788474,86.54,40.00,'2016-03-02 02:42:15','2016-03-02 02:42:15'),(101,1,435690,27.50,80.50,'2016-03-02 02:42:15','2016-03-02 02:42:15'),(102,1,678406,86.54,40.00,'2016-03-02 02:42:15','2016-03-02 02:42:15'),(103,1,1179821,86.53,45.00,'2016-03-02 02:42:15','2016-03-02 02:42:15'),(104,1,1131847,33.65,45.00,'2016-03-02 02:42:15','2016-03-02 02:42:15'),(105,1,296979,86.54,61.00,'2016-03-02 02:42:15','2016-03-02 02:42:15'),(106,1,1135487,79.32,40.00,'2016-03-02 02:42:15','2016-03-02 02:42:15'),(107,1,841406,26.44,40.00,'2016-03-02 02:42:15','2016-03-02 02:42:15'),(108,1,986700,32.69,42.50,'2016-03-02 02:42:15','2016-03-02 02:42:15'),(109,1,832235,36.05,62.50,'2016-03-02 02:42:15','2016-03-02 02:42:15'),(110,1,777317,26.44,80.00,'2016-03-02 02:42:15','2016-03-02 02:42:15'),(111,1,1155307,17.00,43.00,'2016-03-02 02:42:15','2016-03-02 02:42:15'),(112,1,989410,48.00,45.00,'2016-03-02 02:42:15','2016-03-02 02:42:15'),(113,1,897441,52.88,68.00,'2016-03-02 02:42:15','2016-03-02 02:42:15'),(114,1,797797,22.00,45.00,'2016-03-02 02:42:15','2016-03-02 02:42:15'),(115,1,304735,33.00,52.00,'2016-03-02 02:42:15','2016-03-02 02:42:15'),(116,1,1008085,20.00,75.25,'2016-03-02 02:42:15','2016-03-02 02:42:15'),(117,1,801295,45.00,44.00,'2016-03-02 02:42:15','2016-03-02 02:42:15'),(118,1,449439,69.71,86.00,'2016-03-02 02:42:15','2016-03-02 02:42:15'),(119,1,1079233,84.13,60.00,'2016-03-02 02:42:15','2016-03-02 02:42:15'),(120,1,837220,25.00,45.00,'2016-03-02 02:42:15','2016-03-02 02:42:15'),(121,1,915588,72.11,46.00,'2016-03-02 02:42:15','2016-03-02 02:42:15'),(122,1,786174,53.56,41.50,'2016-03-02 02:42:15','2016-03-02 02:42:15'),(123,1,659761,40.00,45.00,'2016-03-02 02:42:15','2016-03-02 02:42:15'),(124,1,324247,45.00,45.00,'2016-03-02 02:42:15','2016-03-02 02:42:15'),(125,1,786173,46.87,50.00,'2016-03-02 02:42:15','2016-03-02 02:42:15'),(126,1,959726,52.00,90.00,'2016-03-02 02:42:15','2016-03-02 02:42:15'),(127,1,744871,79.33,48.00,'2016-03-02 02:42:15','2016-03-02 02:42:15'),(128,1,896498,NULL,36.00,'2016-03-02 02:42:15','2016-03-02 02:42:15'),(129,1,322705,75.00,74.00,'2016-03-02 02:42:16','2016-03-02 02:42:16'),(130,1,989411,73.62,45.00,'2016-03-02 02:42:16','2016-03-02 02:42:16'),(131,1,785684,57.69,42.50,'2016-03-02 02:42:16','2016-03-02 02:42:16'),(132,1,456160,51.68,45.00,'2016-03-02 02:42:16','2016-03-02 02:42:16'),(133,1,299363,76.92,45.00,'2016-03-02 02:42:16','2016-03-02 02:42:16'),(134,1,324252,68.27,44.00,'2016-03-02 02:42:16','2016-03-02 02:42:16'),(135,1,939963,40.38,45.00,'2016-03-02 02:42:16','2016-03-02 02:42:16'),(136,1,1181971,100.00,56.00,'2016-03-02 02:42:16','2016-03-02 02:42:16'),(137,1,1036403,57.69,40.00,'2016-03-02 02:42:16','2016-03-02 02:42:16'),(138,1,744872,86.54,45.00,'2016-03-02 02:42:16','2016-03-02 02:42:16'),(181,4,1135487,79.32,80.00,'2016-03-02 09:08:44','2016-03-02 09:08:44'),(182,4,788474,86.54,80.00,'2016-03-02 09:08:45','2016-03-02 09:08:45'),(183,4,1151346,18.00,90.00,'2016-03-02 09:08:45','2016-03-02 09:08:45'),(184,4,435690,27.50,99.99,'2016-03-02 09:08:45','2016-03-02 09:08:45'),(185,4,412807,48.07,80.00,'2016-03-02 09:08:45','2016-03-02 09:08:45'),(186,4,1179821,86.53,90.00,'2016-03-02 09:08:45','2016-03-02 09:08:45'),(187,4,777317,26.44,80.00,'2016-03-02 09:08:45','2016-03-02 09:08:45'),(188,4,1155307,17.00,87.50,'2016-03-02 09:08:45','2016-03-02 09:08:45'),(189,4,296979,86.54,99.99,'2016-03-02 09:08:45','2016-03-02 09:08:45'),(190,4,1131847,33.65,90.00,'2016-03-02 09:08:45','2016-03-02 09:08:45'),(191,4,986700,32.69,88.00,'2016-03-02 09:08:45','2016-03-02 09:08:45'),(192,4,832235,36.05,88.75,'2016-03-02 09:08:45','2016-03-02 09:08:45'),(193,4,678406,86.54,80.00,'2016-03-02 09:08:45','2016-03-02 09:08:45'),(194,4,841406,26.44,80.00,'2016-03-02 09:08:45','2016-03-02 09:08:45'),(195,4,299363,76.92,80.00,'2016-03-02 09:08:45','2016-03-02 09:08:45'),(196,4,296821,86.54,99.99,'2016-03-02 09:08:45','2016-03-02 09:08:45'),(197,4,915588,72.11,91.00,'2016-03-02 09:08:45','2016-03-02 09:08:45'),(198,4,989410,48.00,90.00,'2016-03-02 09:08:45','2016-03-02 09:08:45'),(199,4,897441,52.88,98.00,'2016-03-02 09:08:45','2016-03-02 09:08:45'),(200,4,797797,22.00,89.00,'2016-03-02 09:08:45','2016-03-02 09:08:45'),(201,4,786174,53.56,68.00,'2016-03-02 09:08:45','2016-03-02 09:08:45'),(202,4,324247,45.00,80.00,'2016-03-02 09:08:45','2016-03-02 09:08:45'),(203,4,939963,40.38,80.00,'2016-03-02 09:08:45','2016-03-02 09:08:45'),(204,4,989411,73.62,80.00,'2016-03-02 09:08:45','2016-03-02 09:08:45'),(205,4,304735,33.00,88.00,'2016-03-02 09:08:45','2016-03-02 09:08:45'),(206,4,1008085,20.00,99.99,'2016-03-02 09:08:45','2016-03-02 09:08:45'),(207,4,837220,25.00,35.00,'2016-03-02 09:08:45','2016-03-02 09:08:45'),(208,4,449439,69.71,89.00,'2016-03-02 09:08:45','2016-03-02 09:08:45'),(209,4,1079233,84.13,99.99,'2016-03-02 09:08:45','2016-03-02 09:08:45'),(210,4,659761,40.00,89.00,'2016-03-02 09:08:45','2016-03-02 09:08:45'),(211,4,801295,45.00,81.50,'2016-03-02 09:08:45','2016-03-02 09:08:45'),(212,4,959726,52.00,90.00,'2016-03-02 09:08:45','2016-03-02 09:08:45'),(213,4,786173,46.87,99.00,'2016-03-02 09:08:45','2016-03-02 09:08:45'),(214,4,322705,75.00,99.99,'2016-03-02 09:08:45','2016-03-02 09:08:45'),(215,4,456160,51.68,91.00,'2016-03-02 09:08:45','2016-03-02 09:08:45'),(216,4,324252,68.27,90.00,'2016-03-02 09:08:45','2016-03-02 09:08:45'),(217,4,744871,79.33,99.99,'2016-03-02 09:08:45','2016-03-02 09:08:45'),(218,4,785684,57.69,93.25,'2016-03-02 09:08:45','2016-03-02 09:08:45'),(219,4,1181971,100.00,80.00,'2016-03-02 09:08:45','2016-03-02 09:08:45'),(220,4,1036403,57.69,80.00,'2016-03-02 09:08:45','2016-03-02 09:08:45'),(221,4,744872,86.54,90.00,'2016-03-02 09:08:45','2016-03-02 09:08:45'),(222,5,841406,26.44,80.00,'2016-03-02 09:09:12','2016-03-02 09:09:12'),(223,5,1151346,18.00,88.00,'2016-03-02 09:09:12','2016-03-02 09:09:12'),(224,5,986700,32.69,90.00,'2016-03-02 09:09:12','2016-03-02 09:09:12'),(225,5,435690,27.50,99.99,'2016-03-02 09:09:12','2016-03-02 09:09:12'),(226,5,412807,48.07,72.00,'2016-03-02 09:09:12','2016-03-02 09:09:12'),(227,5,1135487,79.32,80.00,'2016-03-02 09:09:12','2016-03-02 09:09:12'),(228,5,1131847,33.65,89.00,'2016-03-02 09:09:12','2016-03-02 09:09:12'),(229,5,832235,36.05,86.75,'2016-03-02 09:09:12','2016-03-02 09:09:12'),(230,5,1155307,17.00,85.00,'2016-03-02 09:09:12','2016-03-02 09:09:12'),(231,5,296979,86.54,99.99,'2016-03-02 09:09:12','2016-03-02 09:09:12'),(232,5,777317,26.44,80.00,'2016-03-02 09:09:12','2016-03-02 09:09:12'),(233,5,678406,86.54,80.00,'2016-03-02 09:09:12','2016-03-02 09:09:12'),(234,5,788474,86.54,80.00,'2016-03-02 09:09:12','2016-03-02 09:09:12'),(235,5,296821,86.54,99.00,'2016-03-02 09:09:12','2016-03-02 09:09:12'),(236,5,1179821,86.53,45.00,'2016-03-02 09:09:12','2016-03-02 09:09:12'),(237,5,989410,48.00,90.00,'2016-03-02 09:09:12','2016-03-02 09:09:12'),(238,5,797797,22.00,92.00,'2016-03-02 09:09:12','2016-03-02 09:09:12'),(239,5,897441,52.88,99.99,'2016-03-02 09:09:12','2016-03-02 09:09:12'),(240,5,449439,69.71,93.00,'2016-03-02 09:09:12','2016-03-02 09:09:12'),(241,5,786174,53.56,32.00,'2016-03-02 09:09:12','2016-03-02 09:09:12'),(242,5,1075701,16.00,45.00,'2016-03-02 09:09:12','2016-03-02 09:09:12'),(243,5,1071771,50.00,35.00,'2016-03-02 09:09:12','2016-03-02 09:09:12'),(244,5,1019654,55.50,45.00,'2016-03-02 09:09:12','2016-03-02 09:09:12'),(245,5,815214,60.00,45.00,'2016-03-02 09:09:12','2016-03-02 09:09:12'),(246,5,324247,45.00,84.00,'2016-03-02 09:09:12','2016-03-02 09:09:12'),(247,5,939963,40.38,84.00,'2016-03-02 09:09:12','2016-03-02 09:09:12'),(248,5,299363,76.92,88.00,'2016-03-02 09:09:12','2016-03-02 09:09:12'),(249,5,322705,75.00,97.00,'2016-03-02 09:09:12','2016-03-02 09:09:12'),(250,5,1028756,76.90,48.00,'2016-03-02 09:09:12','2016-03-02 09:09:12'),(251,5,304735,33.00,82.00,'2016-03-02 09:09:12','2016-03-02 09:09:12'),(252,5,1008085,20.00,99.99,'2016-03-02 09:09:12','2016-03-02 09:09:12'),(253,5,801295,45.00,81.00,'2016-03-02 09:09:12','2016-03-02 09:09:12'),(254,5,989411,73.62,89.00,'2016-03-02 09:09:12','2016-03-02 09:09:12'),(255,5,837220,25.00,91.00,'2016-03-02 09:09:12','2016-03-02 09:09:12'),(256,5,659761,40.00,88.00,'2016-03-02 09:09:12','2016-03-02 09:09:12'),(257,5,915588,72.11,89.00,'2016-03-02 09:09:12','2016-03-02 09:09:12'),(258,5,1079233,84.13,99.99,'2016-03-02 09:09:12','2016-03-02 09:09:12'),(259,5,786173,46.87,85.50,'2016-03-02 09:09:12','2016-03-02 09:09:12'),(260,5,959726,52.00,90.00,'2016-03-02 09:09:12','2016-03-02 09:09:12'),(261,5,456160,51.68,92.00,'2016-03-02 09:09:12','2016-03-02 09:09:12'),(262,5,744871,79.33,99.99,'2016-03-02 09:09:12','2016-03-02 09:09:12'),(263,5,324252,68.27,90.00,'2016-03-02 09:09:13','2016-03-02 09:09:13'),(264,5,785684,57.69,88.75,'2016-03-02 09:09:13','2016-03-02 09:09:13'),(265,5,1036403,57.69,80.00,'2016-03-02 09:09:13','2016-03-02 09:09:13'),(266,5,1181971,100.00,80.00,'2016-03-02 09:09:13','2016-03-02 09:09:13'),(267,5,744872,86.54,90.00,'2016-03-02 09:09:13','2016-03-02 09:09:13'),(268,6,678406,86.54,80.00,'2016-03-02 09:09:43','2016-03-02 09:09:43'),(269,6,777317,26.44,80.00,'2016-03-02 09:09:43','2016-03-02 09:09:43'),(270,6,832235,36.05,88.25,'2016-03-02 09:09:43','2016-03-02 09:09:43'),(271,6,1135487,79.32,80.00,'2016-03-02 09:09:43','2016-03-02 09:09:43'),(272,6,841406,26.44,80.00,'2016-03-02 09:09:43','2016-03-02 09:09:43'),(273,6,412807,48.07,56.00,'2016-03-02 09:09:43','2016-03-02 09:09:43'),(274,6,435690,27.50,99.99,'2016-03-02 09:09:43','2016-03-02 09:09:43'),(275,6,296979,86.54,99.99,'2016-03-02 09:09:43','2016-03-02 09:09:43'),(276,6,986700,32.69,88.00,'2016-03-02 09:09:43','2016-03-02 09:09:44'),(277,6,1131847,33.65,90.00,'2016-03-02 09:09:44','2016-03-02 09:09:44'),(278,6,788474,86.54,80.00,'2016-03-02 09:09:44','2016-03-02 09:09:44'),(279,6,1155307,17.00,84.00,'2016-03-02 09:09:44','2016-03-02 09:09:44'),(280,6,1151346,18.00,25.00,'2016-03-02 09:09:44','2016-03-02 09:09:44'),(281,6,797797,22.00,86.00,'2016-03-02 09:09:44','2016-03-02 09:09:44'),(282,6,989410,48.00,99.99,'2016-03-02 09:09:44','2016-03-02 09:09:44'),(283,6,897441,52.88,91.00,'2016-03-02 09:09:44','2016-03-02 09:09:44'),(284,6,959726,52.00,99.99,'2016-03-02 09:09:44','2016-03-02 09:09:44'),(285,6,786174,53.56,64.00,'2016-03-02 09:09:44','2016-03-02 09:09:44'),(286,6,879275,0.00,35.00,'2016-03-02 09:09:44','2016-03-02 09:09:44'),(287,6,299363,76.92,99.99,'2016-03-02 09:09:44','2016-03-02 09:09:44'),(288,6,1159785,45.00,82.75,'2016-03-02 09:09:44','2016-03-02 09:09:44'),(289,6,815214,60.00,99.99,'2016-03-02 09:09:44','2016-03-02 09:09:44'),(290,6,456160,51.68,88.00,'2016-03-02 09:09:44','2016-03-02 09:09:44'),(291,6,837220,25.00,90.00,'2016-03-02 09:09:44','2016-03-02 09:09:44'),(292,6,1075701,16.00,89.50,'2016-03-02 09:09:44','2016-03-02 09:09:44'),(293,6,1071771,50.00,99.99,'2016-03-02 09:09:44','2016-03-02 09:09:44'),(294,6,1019654,55.50,99.99,'2016-03-02 09:09:44','2016-03-02 09:09:44'),(295,6,939963,40.38,99.99,'2016-03-02 09:09:44','2016-03-02 09:09:44'),(296,6,744871,79.33,99.99,'2016-03-02 09:09:44','2016-03-02 09:09:44'),(297,6,324247,45.00,88.50,'2016-03-02 09:09:44','2016-03-02 09:09:44'),(298,6,1008085,20.00,99.99,'2016-03-02 09:09:44','2016-03-02 09:09:44'),(299,6,989411,73.62,94.00,'2016-03-02 09:09:44','2016-03-02 09:09:44'),(300,6,322705,75.00,97.00,'2016-03-02 09:09:44','2016-03-02 09:09:44'),(301,6,296821,86.54,99.99,'2016-03-02 09:09:44','2016-03-02 09:09:44'),(302,6,1028756,76.90,99.99,'2016-03-02 09:09:44','2016-03-02 09:09:44'),(303,6,1079233,84.13,99.99,'2016-03-02 09:09:44','2016-03-02 09:09:44'),(304,6,449439,69.71,89.00,'2016-03-02 09:09:44','2016-03-02 09:09:44'),(305,6,659761,40.00,85.00,'2016-03-02 09:09:44','2016-03-02 09:09:44'),(306,6,304735,33.00,83.00,'2016-03-02 09:09:44','2016-03-02 09:09:44'),(307,6,801295,45.00,90.50,'2016-03-02 09:09:44','2016-03-02 09:09:44'),(308,6,915588,72.11,85.00,'2016-03-02 09:09:44','2016-03-02 09:09:44'),(309,6,786173,46.87,89.00,'2016-03-02 09:09:44','2016-03-02 09:09:44'),(310,6,324252,68.27,85.00,'2016-03-02 09:09:44','2016-03-02 09:09:44'),(311,6,777315,42.50,30.00,'2016-03-02 09:09:44','2016-03-02 09:09:44'),(312,6,785684,57.69,89.00,'2016-03-02 09:09:44','2016-03-02 09:09:44'),(313,6,1036403,57.69,80.00,'2016-03-02 09:09:44','2016-03-02 09:09:44'),(314,6,744872,86.54,89.00,'2016-03-02 09:09:44','2016-03-02 09:09:44'),(315,6,1181971,100.00,40.00,'2016-03-02 09:09:44','2016-03-02 09:09:44'),(319,3,412807,48.07,87.50,'2016-03-04 08:57:48','2016-03-04 08:57:48'),(320,3,1135487,79.32,80.00,'2016-03-04 08:57:48','2016-03-04 08:57:48'),(321,3,1151346,18.00,88.00,'2016-03-04 08:57:48','2016-03-04 08:57:48'),(322,3,435690,27.50,99.99,'2016-03-04 08:57:48','2016-03-04 08:57:48'),(323,3,788474,86.54,80.00,'2016-03-04 08:57:48','2016-03-04 08:57:48'),(324,3,841406,26.44,80.00,'2016-03-04 08:57:48','2016-03-04 08:57:48'),(325,3,1155307,17.00,85.00,'2016-03-04 08:57:48','2016-03-04 08:57:48'),(326,3,1179821,86.53,90.00,'2016-03-04 08:57:48','2016-03-04 08:57:48'),(327,3,299363,76.92,88.00,'2016-03-04 08:57:48','2016-03-04 08:57:48'),(328,3,777317,26.44,80.00,'2016-03-04 08:57:48','2016-03-04 08:57:48'),(329,3,678406,86.54,80.00,'2016-03-04 08:57:48','2016-03-04 08:57:48'),(330,3,986700,32.69,88.50,'2016-03-04 08:57:48','2016-03-04 08:57:48'),(331,3,832235,36.05,89.75,'2016-03-04 08:57:48','2016-03-04 08:57:48'),(332,3,1131847,33.65,89.00,'2016-03-04 08:57:48','2016-03-04 08:57:48'),(333,3,296979,86.54,99.99,'2016-03-04 08:57:48','2016-03-04 08:57:48'),(334,3,296821,86.54,99.99,'2016-03-04 08:57:48','2016-03-04 08:57:48'),(335,3,915588,72.11,94.00,'2016-03-04 08:57:48','2016-03-04 08:57:48'),(336,3,322705,75.00,99.99,'2016-03-04 08:57:48','2016-03-04 08:57:48'),(337,3,786173,46.87,94.00,'2016-03-04 08:57:48','2016-03-04 08:57:48'),(338,3,797797,22.00,94.00,'2016-03-04 08:57:48','2016-03-04 08:57:48'),(339,3,897441,52.88,92.00,'2016-03-04 08:57:48','2016-03-04 08:57:48'),(340,3,989410,48.00,89.00,'2016-03-04 08:57:48','2016-03-04 08:57:48'),(341,3,939963,40.38,88.00,'2016-03-04 08:57:48','2016-03-04 08:57:48'),(342,3,324247,45.00,43.00,'2016-03-04 08:57:48','2016-03-04 08:57:48'),(343,3,304735,33.00,89.00,'2016-03-04 08:57:48','2016-03-04 08:57:48'),(344,3,1079233,84.13,99.99,'2016-03-04 08:57:48','2016-03-04 08:57:48'),(345,3,1008085,20.00,99.99,'2016-03-04 08:57:48','2016-03-04 08:57:48'),(346,3,449439,69.71,91.00,'2016-03-04 08:57:48','2016-03-04 08:57:48'),(347,3,659761,40.00,89.00,'2016-03-04 08:57:49','2016-03-04 08:57:49'),(348,3,801295,45.00,89.00,'2016-03-04 08:57:49','2016-03-04 08:57:49'),(349,3,837220,25.00,18.00,'2016-03-04 08:57:49','2016-03-04 08:57:49'),(350,3,959726,52.00,86.00,'2016-03-04 08:57:49','2016-03-04 08:57:49'),(351,3,786174,53.56,86.50,'2016-03-04 08:57:49','2016-03-04 08:57:49'),(352,3,324252,68.27,90.00,'2016-03-04 08:57:49','2016-03-04 08:57:49'),(353,3,744871,79.33,99.99,'2016-03-04 08:57:49','2016-03-04 08:57:49'),(354,3,989411,73.62,83.00,'2016-03-04 08:57:49','2016-03-04 08:57:49'),(355,3,896498,65.00,28.00,'2016-03-04 08:57:49','2016-03-04 08:57:49'),(356,3,785684,57.69,96.50,'2016-03-04 08:57:49','2016-03-04 08:57:49'),(357,3,456160,51.68,95.00,'2016-03-04 08:57:49','2016-03-04 08:57:49'),(358,3,1181971,100.00,80.00,'2016-03-04 08:57:49','2016-03-04 08:57:49'),(359,3,744872,86.54,85.00,'2016-03-04 08:57:49','2016-03-04 08:57:49'),(360,3,1036403,57.69,80.00,'2016-03-04 08:57:49','2016-03-04 08:57:49');
/*!40000 ALTER TABLE `payroll_item` ENABLE KEYS */;
UNLOCK TABLES;

--
-- Table structure for table `payroll_item_deduction`
--

DROP TABLE IF EXISTS `payroll_item_deduction`;
/*!40101 SET @saved_cs_client     = @@character_set_client */;
/*!40101 SET character_set_client = utf8 */;
CREATE TABLE `payroll_item_deduction` (
  `id` int(11) NOT NULL AUTO_INCREMENT,
  `payroll_item_id` int(11) NOT NULL,
  `project_harvest_id` int(11) NOT NULL,
  `department_harvest_id` int(11) NOT NULL,
  `code` varchar(255) NOT NULL,
  `amount` decimal(4,2) NOT NULL,
  `created_on` datetime DEFAULT NULL,
  `modified_on` datetime DEFAULT NULL,
  PRIMARY KEY (`id`)
) ENGINE=InnoDB DEFAULT CHARSET=latin1;
/*!40101 SET character_set_client = @saved_cs_client */;

--
-- Dumping data for table `payroll_item_deduction`
--

LOCK TABLES `payroll_item_deduction` WRITE;
/*!40000 ALTER TABLE `payroll_item_deduction` DISABLE KEYS */;
/*!40000 ALTER TABLE `payroll_item_deduction` ENABLE KEYS */;
UNLOCK TABLES;

--
-- Table structure for table `payroll_item_hours`
--

DROP TABLE IF EXISTS `payroll_item_hours`;
/*!40101 SET @saved_cs_client     = @@character_set_client */;
/*!40101 SET character_set_client = utf8 */;
CREATE TABLE `payroll_item_hours` (
  `id` int(11) NOT NULL AUTO_INCREMENT,
  `payroll_item_id` int(11) NOT NULL,
  `project_harvest_id` int(11) NOT NULL,
  `department_harvest_id` int(11) NOT NULL,
  `wage` decimal(5,2) DEFAULT NULL,
  `hours_regular` decimal(4,2) DEFAULT NULL,
  `hours_overtime` decimal(4,2) DEFAULT NULL,
  `hours_doubletime` decimal(4,2) DEFAULT NULL,
  `created_on` datetime DEFAULT NULL,
  `modified_on` datetime DEFAULT NULL,
  PRIMARY KEY (`id`)
) ENGINE=InnoDB AUTO_INCREMENT=616 DEFAULT CHARSET=latin1;
/*!40101 SET character_set_client = @saved_cs_client */;

--
-- Dumping data for table `payroll_item_hours`
--

LOCK TABLES `payroll_item_hours` WRITE;
/*!40000 ALTER TABLE `payroll_item_hours` DISABLE KEYS */;
INSERT INTO `payroll_item_hours` VALUES (67,41,1810896,1190312,0.00,1.29,0.46,0.00,'2016-03-02 02:39:16',NULL),(68,41,7692101,1190312,0.00,7.17,2.58,0.00,'2016-03-02 02:39:16',NULL),(69,41,8482912,1190312,0.00,7.55,2.70,0.00,'2016-03-02 02:39:16',NULL),(70,42,1810896,1190795,0.00,80.00,0.00,0.00,'2016-03-02 02:39:16',NULL),(71,43,1810896,1190779,0.00,72.00,0.00,0.00,'2016-03-02 02:39:16',NULL),(72,44,1823630,1190312,0.00,40.00,0.00,0.00,'2016-03-02 02:39:16',NULL),(73,45,1810896,1431537,0.00,3.93,0.00,0.00,'2016-03-02 02:39:16',NULL),(74,45,1810896,1190795,0.00,14.60,0.00,0.00,'2016-03-02 02:39:16',NULL),(75,45,8062593,3487658,0.00,37.61,0.00,0.00,'2016-03-02 02:39:16',NULL),(76,45,7692101,5024150,0.00,23.86,0.00,0.00,'2016-03-02 02:39:16',NULL),(77,46,1810896,1190779,0.00,80.00,10.00,0.00,'2016-03-02 02:39:16',NULL),(78,47,1810896,1190779,0.00,72.00,0.00,0.00,'2016-03-02 02:39:16',NULL),(79,48,1810896,1431537,0.00,80.00,0.00,0.00,'2016-03-02 02:39:16',NULL),(80,49,1810896,1431537,0.00,80.00,0.00,0.00,'2016-03-02 02:39:16',NULL),(81,50,1810896,1182240,0.00,18.89,0.00,0.00,'2016-03-02 02:39:16',NULL),(82,50,7642500,1182240,0.00,6.67,0.00,0.00,'2016-03-02 02:39:16',NULL),(83,50,7692101,1182240,0.00,34.44,0.00,0.00,'2016-03-02 02:39:16',NULL),(84,50,8482912,1182240,0.00,20.00,0.00,0.00,'2016-03-02 02:39:16',NULL),(85,51,1810896,1190795,0.00,39.11,0.00,0.00,'2016-03-02 02:39:16',NULL),(86,51,8482912,3487658,0.00,8.44,0.00,0.00,'2016-03-02 02:39:16',NULL),(87,51,8482915,1182240,0.00,9.33,0.00,0.00,'2016-03-02 02:39:16',NULL),(88,51,6340012,1190795,0.00,20.44,0.00,0.00,'2016-03-02 02:39:16',NULL),(89,51,1823630,1182240,0.00,2.68,0.00,0.00,'2016-03-02 02:39:16',NULL),(90,52,1810896,1190779,0.00,44.90,0.00,0.00,'2016-03-02 02:39:16',NULL),(91,53,1810896,1190795,0.00,36.00,0.00,0.00,'2016-03-02 02:39:16',NULL),(92,54,7642500,3487658,0.00,19.00,0.00,0.00,'2016-03-02 02:39:16',NULL),(93,54,1810896,1431537,0.00,4.00,0.00,0.00,'2016-03-02 02:39:16',NULL),(94,54,8482912,1896373,0.00,28.00,2.00,0.00,'2016-03-02 02:39:16',NULL),(95,55,2264130,1181680,0.00,72.00,10.00,0.00,'2016-03-02 02:39:16',NULL),(96,56,2264130,1181680,0.00,37.36,4.64,0.00,'2016-03-02 02:39:16',NULL),(97,56,6340012,1181680,0.00,42.64,5.36,0.00,'2016-03-02 02:39:16',NULL),(98,57,7642500,1182240,0.00,40.00,0.00,0.00,'2016-03-02 02:39:16',NULL),(99,58,7642500,1182240,0.00,3.78,0.72,0.00,'2016-03-02 02:39:16',NULL),(100,58,7642500,1190312,0.00,7.97,1.53,0.00,'2016-03-02 02:39:16',NULL),(101,58,7692101,1190312,0.00,35.14,9.92,0.00,'2016-03-02 02:39:16',NULL),(102,58,8482912,1182240,0.00,10.04,4.22,0.00,'2016-03-02 02:39:16',NULL),(103,58,8482912,1190312,0.00,23.08,8.10,0.00,'2016-03-02 02:39:16',NULL),(104,59,7642500,1182240,0.00,23.00,0.00,0.00,'2016-03-02 02:39:16',NULL),(105,59,8878253,1182240,0.00,23.00,0.00,0.00,'2016-03-02 02:39:16',NULL),(106,60,8482912,1896373,0.00,40.00,2.50,0.00,'2016-03-02 02:39:16',NULL),(107,61,7642500,3487658,0.00,7.11,0.00,0.00,'2016-03-02 02:39:16',NULL),(108,61,7692101,3487658,0.00,72.89,0.00,0.00,'2016-03-02 02:39:16',NULL),(109,62,8482912,1896373,0.00,48.00,3.50,0.00,'2016-03-02 02:39:16',NULL),(110,63,7692101,3703552,0.00,80.00,10.00,0.00,'2016-03-02 02:39:16',NULL),(111,64,7692101,1896371,0.00,80.00,10.00,0.00,'2016-03-02 02:39:16',NULL),(112,65,7692101,1919940,0.00,23.99,3.01,0.00,'2016-03-02 02:39:16',NULL),(113,65,8983766,1919940,0.00,8.01,0.99,0.00,'2016-03-02 02:39:16',NULL),(114,66,7692101,1896370,0.00,76.80,26.70,0.00,'2016-03-02 02:39:16',NULL),(115,66,7692101,3534304,0.00,3.20,0.80,0.00,'2016-03-02 02:39:16',NULL),(116,67,7692101,1181680,0.00,74.66,10.34,0.00,'2016-03-02 02:39:16',NULL),(117,67,8482912,1181680,0.00,4.34,0.66,0.00,'2016-03-02 02:39:16',NULL),(118,68,7692101,1896370,0.00,80.00,21.00,0.00,'2016-03-02 02:39:16',NULL),(119,69,7692101,1919942,0.00,40.00,4.50,0.00,'2016-03-02 02:39:16',NULL),(120,70,7692101,1896370,0.00,80.00,21.50,0.00,'2016-03-02 02:39:16',NULL),(121,71,7692101,1919938,0.00,80.00,30.75,0.00,'2016-03-02 02:39:16',NULL),(122,72,7692101,1919935,0.00,70.00,6.00,0.00,'2016-03-02 02:39:16',NULL),(123,73,7692101,1896370,0.00,80.00,18.50,0.00,'2016-03-02 02:39:16',NULL),(124,74,7692101,1182240,0.00,63.00,8.50,0.00,'2016-03-02 02:39:16',NULL),(125,75,7692101,1896370,0.00,80.00,29.00,0.00,'2016-03-02 02:39:16',NULL),(126,76,7692101,1896370,0.00,80.00,0.00,0.00,'2016-03-02 02:39:17',NULL),(127,77,7692101,1919939,0.00,64.00,0.00,0.00,'2016-03-02 02:39:17',NULL),(128,77,8482912,3487658,0.00,16.00,0.00,0.00,'2016-03-02 02:39:17',NULL),(129,78,7692101,1896370,0.00,80.00,20.00,0.00,'2016-03-02 02:39:17',NULL),(130,79,7692101,1896371,0.00,72.00,9.00,0.00,'2016-03-02 02:39:17',NULL),(131,80,7692101,3703552,0.00,80.00,10.00,0.00,'2016-03-02 02:39:17',NULL),(132,81,7692101,1919940,0.00,80.00,14.00,0.00,'2016-03-02 02:39:17',NULL),(133,82,7692101,1919938,0.00,71.00,13.00,0.00,'2016-03-02 02:39:17',NULL),(134,83,7692101,1896370,0.00,80.00,27.00,0.00,'2016-03-02 02:39:17',NULL),(135,84,7692101,1919936,0.00,64.00,5.00,0.00,'2016-03-02 02:39:17',NULL),(136,85,7692101,1182240,0.00,80.00,0.00,0.00,'2016-03-02 02:39:17',NULL),(137,86,7692101,3487658,0.00,80.00,0.00,0.00,'2016-03-02 02:39:17',NULL),(138,87,8062593,1896372,0.00,31.88,3.12,0.00,'2016-03-02 02:39:17',NULL),(139,87,8482912,1896372,0.00,20.12,1.88,0.00,'2016-03-02 02:39:17',NULL),(140,87,8878253,1896372,0.00,4.00,0.00,0.00,'2016-03-02 02:39:17',NULL),(141,88,7692101,1919939,0.00,6.23,0.77,0.00,'2016-03-02 02:39:17',NULL),(142,88,8482912,1919939,0.00,73.77,9.23,0.00,'2016-03-02 02:39:17',NULL),(143,89,7692101,1896370,0.00,40.00,10.00,0.00,'2016-03-02 02:39:17',NULL),(144,90,8062593,3487658,0.00,36.00,0.00,0.00,'2016-03-02 02:39:17',NULL),(145,90,8934560,3487658,0.00,4.00,0.00,0.00,'2016-03-02 02:39:17',NULL),(146,90,8983766,3487658,0.00,40.00,0.00,0.00,'2016-03-02 02:39:17',NULL),(147,91,8334574,3487658,0.00,80.00,0.00,0.00,'2016-03-02 02:39:17',NULL),(148,92,8971066,1190779,0.00,80.00,0.00,0.00,'2016-03-02 02:39:17',NULL),(149,93,8971066,1190779,0.00,72.00,0.00,0.00,'2016-03-02 02:39:17',NULL),(150,94,8983766,1182240,0.00,80.00,0.00,0.00,'2016-03-02 02:39:17',NULL),(151,95,6340012,1181680,0.00,72.00,0.00,0.00,'2016-03-02 02:39:17',NULL),(152,96,6340012,1182240,0.00,80.00,0.00,0.00,'2016-03-02 02:39:17',NULL),(153,97,6340012,1181680,0.00,80.00,0.00,0.00,'2016-03-02 02:39:17',NULL),(154,98,1810896,1190779,0.00,24.00,3.00,0.00,'2016-03-02 02:42:15',NULL),(155,99,1810896,1190312,0.00,22.27,1.73,0.00,'2016-03-02 02:42:15',NULL),(156,99,8482912,1190312,0.00,3.58,0.42,0.00,'2016-03-02 02:42:15',NULL),(157,99,8878253,1190312,0.00,17.38,1.62,0.00,'2016-03-02 02:42:15',NULL),(158,99,10018025,1190312,0.00,5.78,0.72,0.00,'2016-03-02 02:42:15',NULL),(159,99,8482915,1190312,0.00,3.00,0.00,0.00,'2016-03-02 02:42:15',NULL),(160,100,1810896,1190795,0.00,40.00,0.00,0.00,'2016-03-02 02:42:15',NULL),(161,101,1810896,1190312,0.00,3.05,1.20,0.00,'2016-03-02 02:42:15',NULL),(162,101,8482912,1190312,0.00,21.98,9.24,0.00,'2016-03-02 02:42:15',NULL),(163,101,8878253,1190312,0.00,18.65,7.86,0.00,'2016-03-02 02:42:15',NULL),(164,101,10018025,1190312,0.00,12.31,5.45,0.00,'2016-03-02 02:42:15',NULL),(165,102,1810896,1431537,0.00,40.00,0.00,0.00,'2016-03-02 02:42:15',NULL),(166,103,1810896,1190795,0.00,40.00,5.00,0.00,'2016-03-02 02:42:15',NULL),(167,104,1810896,1190779,0.00,45.00,0.00,0.00,'2016-03-02 02:42:15',NULL),(168,105,1810896,1190795,0.00,4.00,0.00,0.00,'2016-03-02 02:42:15',NULL),(169,105,8482912,3487658,0.00,1.00,0.00,0.00,'2016-03-02 02:42:15',NULL),(170,105,8482915,1182240,0.00,39.00,0.00,0.00,'2016-03-02 02:42:15',NULL),(171,105,6340012,1190795,0.00,5.00,0.00,0.00,'2016-03-02 02:42:15',NULL),(172,106,1810896,1190795,0.00,40.00,0.00,0.00,'2016-03-02 02:42:15',NULL),(173,107,1810896,1190779,0.00,40.00,0.00,0.00,'2016-03-02 02:42:15',NULL),(174,108,1810896,1182240,0.00,15.00,0.00,0.00,'2016-03-02 02:42:15',NULL),(175,108,8482912,1182240,0.00,9.50,0.00,0.00,'2016-03-02 02:42:15',NULL),(176,108,8878253,1182240,0.00,10.00,0.00,0.00,'2016-03-02 02:42:15',NULL),(177,109,1810896,1190779,0.00,56.00,6.50,0.00,'2016-03-02 02:42:15',NULL),(178,110,1810896,1431537,0.00,80.00,0.00,0.00,'2016-03-02 02:42:15',NULL),(179,111,1810896,1190779,0.00,32.00,3.00,0.00,'2016-03-02 02:42:15',NULL),(180,112,2264130,1181680,0.00,40.00,5.00,0.00,'2016-03-02 02:42:15',NULL),(181,113,2264130,1181680,0.00,21.35,5.65,0.00,'2016-03-02 02:42:15',NULL),(182,113,6340012,1181680,0.00,32.65,8.35,0.00,'2016-03-02 02:42:15',NULL),(183,114,2264130,1181680,0.00,40.00,5.00,0.00,'2016-03-02 02:42:15',NULL),(184,115,8482912,1919942,0.00,37.22,3.78,0.00,'2016-03-02 02:42:15',NULL),(185,115,8878253,1919939,0.00,5.34,0.66,0.00,'2016-03-02 02:42:15',NULL),(186,115,10018025,1919939,0.00,4.45,0.55,0.00,'2016-03-02 02:42:15',NULL),(187,116,8482912,1182240,0.00,29.02,9.98,0.00,'2016-03-02 02:42:15',NULL),(188,116,8482912,1190312,0.00,26.98,9.27,0.00,'2016-03-02 02:42:15',NULL),(189,117,8482912,1896373,0.00,10.78,0.22,0.00,'2016-03-02 02:42:15',NULL),(190,117,10018025,1896373,0.00,29.22,3.78,0.00,'2016-03-02 02:42:15',NULL),(191,118,8482912,1896373,0.00,49.33,6.67,0.00,'2016-03-02 02:42:15',NULL),(192,118,10008019,3487658,0.00,22.67,7.33,0.00,'2016-03-02 02:42:15',NULL),(193,119,8482912,3487658,0.00,60.00,0.00,0.00,'2016-03-02 02:42:15',NULL),(194,120,8482912,1919940,0.00,40.00,5.00,0.00,'2016-03-02 02:42:15',NULL),(195,121,8482912,3487658,0.00,34.84,5.16,0.00,'2016-03-02 02:42:15',NULL),(196,121,8878253,1896372,0.00,5.16,0.84,0.00,'2016-03-02 02:42:15',NULL),(197,122,8482912,1919935,0.00,28.00,4.50,0.00,'2016-03-02 02:42:15',NULL),(198,122,8878253,1919935,0.00,8.00,1.00,0.00,'2016-03-02 02:42:15',NULL),(199,123,8482912,1896373,0.00,12.78,1.22,0.00,'2016-03-02 02:42:15',NULL),(200,123,10018025,1896373,0.00,27.22,3.78,0.00,'2016-03-02 02:42:15',NULL),(201,124,8482912,1896370,0.00,20.00,2.50,0.00,'2016-03-02 02:42:15',NULL),(202,124,10018025,1896370,0.00,20.00,2.50,0.00,'2016-03-02 02:42:15',NULL),(203,125,8482915,1182240,0.00,8.00,0.00,0.00,'2016-03-02 02:42:15',NULL),(204,125,8983766,1182240,0.00,42.00,0.00,0.00,'2016-03-02 02:42:15',NULL),(205,126,8878253,3703552,0.00,80.00,10.00,0.00,'2016-03-02 02:42:15',NULL),(206,127,8878253,3487658,0.00,48.00,0.00,0.00,'2016-03-02 02:42:15',NULL),(207,128,8878253,1919939,55.00,29.33,3.67,0.00,'2016-03-02 02:42:16',NULL),(208,128,10018025,1919942,55.00,2.67,0.33,0.00,'2016-03-02 02:42:16',NULL),(209,129,8878253,3487658,0.00,16.00,0.00,0.00,'2016-03-02 02:42:16',NULL),(210,129,8983766,3487658,0.00,34.00,0.00,0.00,'2016-03-02 02:42:16',NULL),(211,129,10018025,3487658,0.00,24.00,0.00,0.00,'2016-03-02 02:42:16',NULL),(212,130,8878253,1919936,0.00,40.00,5.00,0.00,'2016-03-02 02:42:16',NULL),(213,131,8971066,1190779,0.00,38.50,0.00,0.00,'2016-03-02 02:42:16',NULL),(214,132,8983766,1919940,0.00,40.00,5.00,0.00,'2016-03-02 02:42:16',NULL),(215,133,10018025,3487658,0.00,45.00,0.00,0.00,'2016-03-02 02:42:16',NULL),(216,134,10018025,1182240,0.00,36.00,0.00,0.00,'2016-03-02 02:42:16',NULL),(217,135,10018025,1182240,0.00,45.00,0.00,0.00,'2016-03-02 02:42:16',NULL),(218,136,6340012,1190795,0.00,56.00,0.00,0.00,'2016-03-02 02:42:16',NULL),(219,137,6340012,1182240,0.00,40.00,0.00,0.00,'2016-03-02 02:42:16',NULL),(220,138,6340012,1181680,0.00,45.00,0.00,0.00,'2016-03-02 02:42:16',NULL),(305,181,1810896,1190795,0.00,60.00,0.00,0.00,'2016-03-02 09:08:45',NULL),(306,182,1810896,1190795,0.00,80.00,0.00,0.00,'2016-03-02 09:08:45',NULL),(307,183,1810896,1190779,0.00,79.00,11.00,0.00,'2016-03-02 09:08:45',NULL),(308,184,1810896,1190312,0.00,5.68,1.82,0.00,'2016-03-02 09:08:45',NULL),(309,184,8482912,1190312,0.00,42.69,13.56,0.00,'2016-03-02 09:08:45',NULL),(310,184,8878253,1190312,0.00,31.64,10.11,0.00,'2016-03-02 09:08:45',NULL),(311,185,1810896,1190312,0.00,10.00,0.00,0.00,'2016-03-02 09:08:45',NULL),(312,185,7692101,1190312,0.00,41.50,0.00,0.00,'2016-03-02 09:08:45',NULL),(313,185,8878253,1190312,0.00,19.50,0.00,0.00,'2016-03-02 09:08:45',NULL),(314,185,8482912,1190312,0.00,7.50,0.00,0.00,'2016-03-02 09:08:45',NULL),(315,185,8482915,1190312,0.00,1.50,0.00,0.00,'2016-03-02 09:08:45',NULL),(316,186,1810896,1190795,0.00,80.00,10.00,0.00,'2016-03-02 09:08:45',NULL),(317,187,1810896,1431537,0.00,72.00,0.00,0.00,'2016-03-02 09:08:45',NULL),(318,188,1810896,1190779,0.00,80.00,7.50,0.00,'2016-03-02 09:08:45',NULL),(319,189,1810896,1190795,0.00,5.50,0.00,0.00,'2016-03-02 09:08:45',NULL),(320,189,1810896,3338867,0.00,15.88,0.00,0.00,'2016-03-02 09:08:45',NULL),(321,189,8482912,3487658,0.00,0.61,0.00,0.00,'2016-03-02 09:08:45',NULL),(322,189,8482915,1182240,0.00,45.80,0.00,0.00,'2016-03-02 09:08:45',NULL),(323,189,8482915,3338867,0.00,6.11,0.00,0.00,'2016-03-02 09:08:45',NULL),(324,189,6340012,1190795,0.00,6.11,0.00,0.00,'2016-03-02 09:08:45',NULL),(325,190,1810896,1190779,0.00,74.67,0.00,0.00,'2016-03-02 09:08:45',NULL),(326,190,1810896,3338867,0.00,5.33,0.00,0.00,'2016-03-02 09:08:45',NULL),(327,191,1810896,1182240,0.00,25.20,0.00,0.00,'2016-03-02 09:08:45',NULL),(328,191,8482912,1182240,0.00,22.50,0.00,0.00,'2016-03-02 09:08:45',NULL),(329,191,8878253,1182240,0.00,20.70,0.00,0.00,'2016-03-02 09:08:45',NULL),(330,191,7692101,1182240,0.00,3.60,0.00,0.00,'2016-03-02 09:08:45',NULL),(331,192,1810896,3338867,0.00,13.05,1.95,0.00,'2016-03-02 09:08:45',NULL),(332,192,1810896,1190779,0.00,66.95,6.80,0.00,'2016-03-02 09:08:45',NULL),(333,193,1810896,1431537,0.00,40.00,0.00,0.00,'2016-03-02 09:08:45',NULL),(334,194,1810896,1190779,0.00,68.00,0.00,0.00,'2016-03-02 09:08:45',NULL),(335,195,1810896,3338157,0.00,80.00,0.00,0.00,'2016-03-02 09:08:45',NULL),(336,196,1810896,1431537,0.00,18.09,0.00,0.00,'2016-03-02 09:08:45',NULL),(337,196,1810896,1190795,0.00,28.52,0.00,0.00,'2016-03-02 09:08:45',NULL),(338,196,1810896,3338867,0.00,9.74,0.00,0.00,'2016-03-02 09:08:45',NULL),(339,196,8878253,3487658,0.00,6.26,0.00,0.00,'2016-03-02 09:08:45',NULL),(340,196,8983766,3487658,0.00,13.22,0.00,0.00,'2016-03-02 09:08:45',NULL),(341,196,8482912,3487658,0.00,4.17,0.00,0.00,'2016-03-02 09:08:45',NULL),(342,197,8482912,1896372,0.00,35.20,4.80,0.00,'2016-03-02 09:08:45',NULL),(343,197,8878253,1896372,0.00,33.25,4.75,0.00,'2016-03-02 09:08:45',NULL),(344,197,1810896,1431537,0.00,11.55,1.45,0.00,'2016-03-02 09:08:45',NULL),(345,198,2264130,1181680,0.00,80.00,10.00,0.00,'2016-03-02 09:08:45',NULL),(346,199,2264130,1181680,0.00,35.08,7.92,0.00,'2016-03-02 09:08:45',NULL),(347,199,6340012,1181680,0.00,44.92,10.08,0.00,'2016-03-02 09:08:45',NULL),(348,200,2264130,1181680,0.00,61.00,9.00,0.00,'2016-03-02 09:08:45',NULL),(349,201,7692101,4729681,0.00,24.00,0.00,0.00,'2016-03-02 09:08:45',NULL),(350,201,8878253,1919935,0.00,32.00,4.00,0.00,'2016-03-02 09:08:45',NULL),(351,203,7692101,1182240,0.00,24.00,0.00,0.00,'2016-03-02 09:08:45',NULL),(352,205,8482912,1919942,0.00,64.00,8.00,0.00,'2016-03-02 09:08:45',NULL),(353,206,8482912,1182240,0.00,35.62,11.13,0.00,'2016-03-02 09:08:45',NULL),(354,206,8482912,1190312,0.00,36.00,11.25,0.00,'2016-03-02 09:08:45',NULL),(355,206,8878253,1190312,0.00,0.38,0.12,0.00,'2016-03-02 09:08:45',NULL),(356,207,8482912,1919940,0.00,31.11,2.89,0.00,'2016-03-02 09:08:45',NULL),(357,207,8878253,1919940,0.00,0.89,0.11,0.00,'2016-03-02 09:08:45',NULL),(358,208,8482912,1896373,0.00,72.00,9.00,0.00,'2016-03-02 09:08:45',NULL),(359,209,8482912,3487658,0.00,80.00,0.00,0.00,'2016-03-02 09:08:45',NULL),(360,210,8482912,1896373,0.00,72.00,9.00,0.00,'2016-03-02 09:08:45',NULL),(361,211,8482912,1896373,0.00,71.00,2.50,0.00,'2016-03-02 09:08:45',NULL),(362,212,8482912,3703552,0.00,12.45,1.55,0.00,'2016-03-02 09:08:45',NULL),(363,212,8878253,3703552,0.00,67.55,8.45,0.00,'2016-03-02 09:08:45',NULL),(364,213,8983766,1182240,0.00,78.38,0.00,0.00,'2016-03-02 09:08:45',NULL),(365,213,8482915,1182240,0.00,1.62,0.00,0.00,'2016-03-02 09:08:45',NULL),(366,214,8878253,3487658,0.00,30.40,0.00,0.00,'2016-03-02 09:08:45',NULL),(367,214,8983766,3487658,0.00,46.40,0.00,0.00,'2016-03-02 09:08:45',NULL),(368,214,8482915,3487658,0.00,3.20,0.00,0.00,'2016-03-02 09:08:45',NULL),(369,215,8878253,1919940,0.00,4.45,0.55,0.00,'2016-03-02 09:08:45',NULL),(370,215,8983766,1919940,0.00,74.66,10.34,0.00,'2016-03-02 09:08:45',NULL),(371,215,8482915,1919940,0.00,0.89,0.11,0.00,'2016-03-02 09:08:45',NULL),(372,216,8878253,1182240,0.00,80.00,0.00,0.00,'2016-03-02 09:08:45',NULL),(373,217,8878253,3487658,0.00,80.00,0.00,0.00,'2016-03-02 09:08:45',NULL),(374,218,8971066,1190779,0.00,76.00,0.00,0.00,'2016-03-02 09:08:45',NULL),(375,219,6340012,1190795,0.00,80.00,0.00,0.00,'2016-03-02 09:08:45',NULL),(376,220,6340012,1182240,0.00,80.00,0.00,0.00,'2016-03-02 09:08:45',NULL),(377,221,6340012,1181680,0.00,80.00,0.00,0.00,'2016-03-02 09:08:45',NULL),(378,222,1810896,1190779,0.00,80.00,0.00,0.00,'2016-03-02 09:09:12',NULL),(379,223,1810896,1190779,0.00,65.00,8.00,0.00,'2016-03-02 09:09:12',NULL),(380,224,1810896,1182240,0.00,36.44,0.00,0.00,'2016-03-02 09:09:12',NULL),(381,224,7692101,1182240,0.00,9.78,0.00,0.00,'2016-03-02 09:09:12',NULL),(382,224,8482912,1182240,0.00,16.00,0.00,0.00,'2016-03-02 09:09:12',NULL),(383,224,8878253,1182240,0.00,17.78,0.00,0.00,'2016-03-02 09:09:12',NULL),(384,225,1810896,1190312,0.00,6.72,2.53,0.00,'2016-03-02 09:09:12',NULL),(385,225,8482912,1190312,0.00,51.31,17.94,0.00,'2016-03-02 09:09:12',NULL),(386,225,8878253,1190312,0.00,20.84,7.41,0.00,'2016-03-02 09:09:12',NULL),(387,225,8482915,1190312,0.00,0.76,0.24,0.00,'2016-03-02 09:09:12',NULL),(388,225,7692101,1190312,0.00,0.36,0.14,0.00,'2016-03-02 09:09:12',NULL),(389,226,1810896,1190312,0.00,33.00,0.00,0.00,'2016-03-02 09:09:12',NULL),(390,226,8482915,1190312,0.00,5.50,0.00,0.00,'2016-03-02 09:09:12',NULL),(391,226,8878253,1190312,0.00,5.50,0.00,0.00,'2016-03-02 09:09:12',NULL),(392,226,8482912,1190312,0.00,1.50,0.00,0.00,'2016-03-02 09:09:12',NULL),(393,226,1823630,1190312,0.00,1.00,0.00,0.00,'2016-03-02 09:09:12',NULL),(394,226,7692101,1190312,0.00,7.00,0.00,0.00,'2016-03-02 09:09:12',NULL),(395,227,1810896,1190795,0.00,80.00,0.00,0.00,'2016-03-02 09:09:12',NULL),(396,228,1810896,1190779,0.00,80.00,0.00,0.00,'2016-03-02 09:09:12',NULL),(397,229,1810896,1190779,0.00,64.00,6.75,0.00,'2016-03-02 09:09:12',NULL),(398,230,1810896,1190779,0.00,80.00,5.00,0.00,'2016-03-02 09:09:12',NULL),(399,231,1810896,1190795,0.00,5.35,0.00,0.00,'2016-03-02 09:09:12',NULL),(400,231,8482912,3487658,0.00,4.76,0.00,0.00,'2016-03-02 09:09:12',NULL),(401,231,8482915,1182240,0.00,57.40,0.00,0.00,'2016-03-02 09:09:12',NULL),(402,231,8482915,3338867,0.00,7.14,0.00,0.00,'2016-03-02 09:09:12',NULL),(403,231,6340012,1190795,0.00,5.35,0.00,0.00,'2016-03-02 09:09:12',NULL),(404,232,1810896,1431537,0.00,80.00,0.00,0.00,'2016-03-02 09:09:12',NULL),(405,233,1810896,1431537,0.00,72.00,0.00,0.00,'2016-03-02 09:09:12',NULL),(406,234,1810896,1190795,0.00,56.00,0.00,0.00,'2016-03-02 09:09:12',NULL),(407,235,1810896,1190795,0.00,28.28,0.00,0.00,'2016-03-02 09:09:12',NULL),(408,235,8062593,3487658,0.00,34.75,0.00,0.00,'2016-03-02 09:09:12',NULL),(409,235,8878253,3487658,0.00,8.89,0.00,0.00,'2016-03-02 09:09:12',NULL),(410,235,8983766,3487658,0.00,8.08,0.00,0.00,'2016-03-02 09:09:12',NULL),(411,236,1810896,1190795,0.00,40.00,5.00,0.00,'2016-03-02 09:09:12',NULL),(412,237,2264130,1181680,0.00,80.00,10.00,0.00,'2016-03-02 09:09:12',NULL),(413,238,2264130,1181680,0.00,80.00,12.00,0.00,'2016-03-02 09:09:12',NULL),(414,239,2264130,1181680,0.00,32.39,10.61,0.00,'2016-03-02 09:09:12',NULL),(415,239,6340012,1181680,0.00,46.61,15.39,0.00,'2016-03-02 09:09:12',NULL),(416,240,7642500,3487658,0.00,1.00,0.00,0.00,'2016-03-02 09:09:12',NULL),(417,240,8482912,1896373,0.00,79.00,13.00,0.00,'2016-03-02 09:09:12',NULL),(418,241,7692101,4729681,0.00,19.20,0.00,0.00,'2016-03-02 09:09:12',NULL),(419,242,7692101,1182240,0.00,40.00,5.00,0.00,'2016-03-02 09:09:12',NULL),(420,243,7692101,3703552,0.00,24.00,3.00,0.00,'2016-03-02 09:09:12',NULL),(421,244,7692101,1896370,0.00,45.00,0.00,0.00,'2016-03-02 09:09:12',NULL),(422,245,7692101,1896371,0.00,40.00,5.00,0.00,'2016-03-02 09:09:12',NULL),(423,246,7692101,1896370,0.00,32.00,4.00,0.00,'2016-03-02 09:09:12',NULL),(424,247,7692101,1182240,0.00,32.00,0.00,0.00,'2016-03-02 09:09:12',NULL),(425,248,7692101,3487658,0.00,64.00,0.00,0.00,'2016-03-02 09:09:12',NULL),(426,249,8062593,3487658,0.00,2.89,0.00,0.00,'2016-03-02 09:09:12',NULL),(427,249,8878253,3487658,0.00,35.05,0.00,0.00,'2016-03-02 09:09:12',NULL),(428,249,8983766,3487658,0.00,37.94,0.00,0.00,'2016-03-02 09:09:12',NULL),(429,249,8482915,3487658,0.00,4.12,0.00,0.00,'2016-03-02 09:09:12',NULL),(430,250,8334574,3487658,0.00,48.00,0.00,0.00,'2016-03-02 09:09:12',NULL),(431,251,8482912,1919942,0.00,53.00,5.00,0.00,'2016-03-02 09:09:12',NULL),(432,252,8482912,1182240,0.00,39.02,11.26,0.00,'2016-03-02 09:09:12',NULL),(433,252,8482912,1190312,0.00,38.69,11.09,0.00,'2016-03-02 09:09:12',NULL),(434,252,8878253,1190312,0.00,1.29,0.65,0.00,'2016-03-02 09:09:12',NULL),(435,253,8482912,1896373,0.00,65.44,3.56,0.00,'2016-03-02 09:09:12',NULL),(436,253,8878253,1896373,0.00,3.56,0.44,0.00,'2016-03-02 09:09:12',NULL),(437,254,8482912,1919936,0.00,17.77,2.23,0.00,'2016-03-02 09:09:12',NULL),(438,254,8878253,1919936,0.00,62.23,6.77,0.00,'2016-03-02 09:09:12',NULL),(439,255,8482912,1919940,0.00,78.22,10.78,0.00,'2016-03-02 09:09:12',NULL),(440,255,8878253,1919940,0.00,1.78,0.22,0.00,'2016-03-02 09:09:12',NULL),(441,256,8482912,1896373,0.00,72.00,8.00,0.00,'2016-03-02 09:09:12',NULL),(442,257,8482912,1896372,0.00,59.62,7.38,0.00,'2016-03-02 09:09:12',NULL),(443,257,8878253,1896372,0.00,19.38,2.62,0.00,'2016-03-02 09:09:12',NULL),(444,258,8482912,3487658,0.00,80.00,0.00,0.00,'2016-03-02 09:09:12',NULL),(445,259,8482915,1182240,0.00,6.55,0.00,0.00,'2016-03-02 09:09:12',NULL),(446,259,8983766,1182240,0.00,73.45,0.00,0.00,'2016-03-02 09:09:12',NULL),(447,260,8878253,3703552,0.00,64.00,10.00,0.00,'2016-03-02 09:09:12',NULL),(448,261,8878253,1919940,0.00,42.13,6.37,0.00,'2016-03-02 09:09:12',NULL),(449,261,8983766,1919940,0.00,37.87,5.63,0.00,'2016-03-02 09:09:12',NULL),(450,262,8878253,3487658,0.00,76.00,0.00,0.00,'2016-03-02 09:09:13',NULL),(451,263,8878253,1182240,0.00,80.00,0.00,0.00,'2016-03-02 09:09:13',NULL),(452,264,8971066,1190779,0.00,80.00,0.00,0.00,'2016-03-02 09:09:13',NULL),(453,265,6340012,1182240,0.00,72.00,0.00,0.00,'2016-03-02 09:09:13',NULL),(454,266,6340012,1190795,0.00,24.00,0.00,0.00,'2016-03-02 09:09:13',NULL),(455,267,6340012,1181680,0.00,80.00,0.00,0.00,'2016-03-02 09:09:13',NULL),(456,268,1810896,1431537,0.00,52.00,0.00,0.00,'2016-03-02 09:09:43',NULL),(457,269,1810896,1431537,0.00,64.00,0.00,0.00,'2016-03-02 09:09:43',NULL),(458,270,1810896,1190779,0.00,56.00,8.25,0.00,'2016-03-02 09:09:43',NULL),(459,271,1810896,1190795,0.00,56.00,0.00,0.00,'2016-03-02 09:09:43',NULL),(460,272,1810896,1190779,0.00,52.00,0.00,0.00,'2016-03-02 09:09:43',NULL),(461,273,1810896,1190312,0.00,34.00,0.00,0.00,'2016-03-02 09:09:43',NULL),(462,273,1823630,1190312,0.00,6.00,0.00,0.00,'2016-03-02 09:09:43',NULL),(463,274,1810896,1190312,0.00,2.98,1.13,0.00,'2016-03-02 09:09:43',NULL),(464,274,7692101,1190312,0.00,11.47,4.45,0.00,'2016-03-02 09:09:43',NULL),(465,274,8482912,1190312,0.00,24.40,9.85,0.00,'2016-03-02 09:09:43',NULL),(466,274,8878253,1190312,0.00,9.16,3.07,0.00,'2016-03-02 09:09:43',NULL),(467,275,1810896,1190795,0.00,4.44,0.00,0.00,'2016-03-02 09:09:43',NULL),(468,275,8482915,3338867,0.00,23.49,0.00,0.00,'2016-03-02 09:09:43',NULL),(469,275,8482915,1182240,0.00,8.25,0.00,0.00,'2016-03-02 09:09:43',NULL),(470,275,1823630,1182240,0.00,3.81,0.00,0.00,'2016-03-02 09:09:43',NULL),(471,276,1810896,1182240,0.00,38.22,0.00,0.00,'2016-03-02 09:09:44',NULL),(472,276,8482912,1182240,0.00,8.89,0.00,0.00,'2016-03-02 09:09:44',NULL),(473,276,7692101,1182240,0.00,8.89,0.00,0.00,'2016-03-02 09:09:44',NULL),(474,276,8878253,1182240,0.00,8.00,0.00,0.00,'2016-03-02 09:09:44',NULL),(475,277,1810896,1190779,0.00,53.45,0.00,0.00,'2016-03-02 09:09:44',NULL),(476,277,1810896,3338867,0.00,2.55,0.00,0.00,'2016-03-02 09:09:44',NULL),(477,278,1810896,1190795,0.00,52.00,0.00,0.00,'2016-03-02 09:09:44',NULL),(478,279,1810896,1190779,0.00,64.00,4.00,0.00,'2016-03-02 09:09:44',NULL),(479,280,1810896,1190779,0.00,8.00,1.00,0.00,'2016-03-02 09:09:44',NULL),(480,281,2264130,1181680,0.00,62.00,8.00,0.00,'2016-03-02 09:09:44',NULL),(481,282,2264130,1181680,0.00,72.00,7.00,0.00,'2016-03-02 09:09:44',NULL),(482,283,2264130,1181680,0.00,18.56,6.44,0.00,'2016-03-02 09:09:44',NULL),(483,283,6340012,1181680,0.00,19.44,6.56,0.00,'2016-03-02 09:09:44',NULL),(484,284,7692101,3703552,0.00,80.00,13.00,0.00,'2016-03-02 09:09:44',NULL),(485,285,7692101,4729681,0.00,24.00,0.00,0.00,'2016-03-02 09:09:44',NULL),(486,286,7692101,1896371,25.00,24.00,10.00,0.00,'2016-03-02 09:09:44',NULL),(487,287,7692101,3487658,0.00,64.00,0.00,0.00,'2016-03-02 09:09:44',NULL),(488,288,7692101,1896370,0.00,48.00,18.75,0.00,'2016-03-02 09:09:44',NULL),(489,289,7692101,1896371,0.00,72.00,29.00,2.00,'2016-03-02 09:09:44',NULL),(490,290,7692101,1919940,0.00,9.79,1.21,0.00,'2016-03-02 09:09:44',NULL),(491,290,8878253,1919940,0.00,39.98,5.02,0.00,'2016-03-02 09:09:44',NULL),(492,290,8983766,1919940,0.00,14.23,1.77,0.00,'2016-03-02 09:09:44',NULL),(493,291,7692101,1919940,0.00,26.67,5.33,0.00,'2016-03-02 09:09:44',NULL),(494,291,8878253,1919940,0.00,36.44,4.56,0.00,'2016-03-02 09:09:44',NULL),(495,291,8482912,1919940,0.00,0.89,0.11,0.00,'2016-03-02 09:09:44',NULL),(496,292,7692101,1182240,0.00,64.00,9.50,0.00,'2016-03-02 09:09:44',NULL),(497,293,7692101,3703552,0.00,80.00,14.00,0.00,'2016-03-02 09:09:44',NULL),(498,294,7692101,1896370,0.00,64.00,0.00,0.00,'2016-03-02 09:09:44',NULL),(499,295,7692101,1182240,0.00,64.00,0.00,0.00,'2016-03-02 09:09:44',NULL),(500,296,7692101,3487658,0.00,45.36,0.00,0.00,'2016-03-02 09:09:44',NULL),(501,296,8878253,3487658,0.00,2.64,0.00,0.00,'2016-03-02 09:09:44',NULL),(502,297,7692101,1896370,0.00,61.00,11.50,0.00,'2016-03-02 09:09:44',NULL),(503,298,7692101,1190312,0.00,16.17,1.58,0.00,'2016-03-02 09:09:44',NULL),(504,298,8482912,1182240,0.00,28.05,9.95,0.00,'2016-03-02 09:09:44',NULL),(505,298,8482912,1190312,0.00,28.05,9.95,0.00,'2016-03-02 09:09:44',NULL),(506,299,7692101,1919936,0.00,16.00,2.00,0.00,'2016-03-02 09:09:44',NULL),(507,299,8878253,1919936,0.00,24.89,2.11,0.00,'2016-03-02 09:09:44',NULL),(508,299,8983766,1919936,0.00,8.78,0.22,0.00,'2016-03-02 09:09:44',NULL),(509,299,8482912,1919936,0.00,21.34,2.66,0.00,'2016-03-02 09:09:44',NULL),(510,300,8062593,3487658,0.00,7.90,0.00,0.00,'2016-03-02 09:09:44',NULL),(511,300,8878253,3487658,0.00,14.22,0.00,0.00,'2016-03-02 09:09:44',NULL),(512,300,8983766,3487658,0.00,41.88,0.00,0.00,'2016-03-02 09:09:44',NULL),(513,301,8062593,3487658,0.00,79.15,0.00,0.00,'2016-03-02 09:09:44',NULL),(514,301,8878253,3487658,0.00,0.85,0.00,0.00,'2016-03-02 09:09:44',NULL),(515,302,8334574,3487658,0.00,72.00,0.00,0.00,'2016-03-02 09:09:44',NULL),(516,303,8482912,3487658,0.00,30.00,0.00,0.00,'2016-03-02 09:09:44',NULL),(517,304,8482912,1896373,0.00,40.00,9.00,0.00,'2016-03-02 09:09:44',NULL),(518,305,8482912,1896373,0.00,46.00,5.00,0.00,'2016-03-02 09:09:44',NULL),(519,306,8482912,1919942,0.00,46.00,5.00,0.00,'2016-03-02 09:09:44',NULL),(520,307,8482912,1896373,0.00,53.51,10.49,0.00,'2016-03-02 09:09:44',NULL),(521,307,8878253,1896373,0.00,8.49,2.01,0.00,'2016-03-02 09:09:44',NULL),(522,308,8482912,1896372,0.00,15.11,1.89,0.00,'2016-03-02 09:09:44',NULL),(523,308,8878253,1896372,0.00,24.89,3.11,0.00,'2016-03-02 09:09:44',NULL),(524,309,8482915,1182240,0.00,2.09,0.00,0.00,'2016-03-02 09:09:44',NULL),(525,309,8983766,1182240,0.00,43.91,0.00,0.00,'2016-03-02 09:09:44',NULL),(526,310,8878253,1182240,0.00,40.00,0.00,0.00,'2016-03-02 09:09:44',NULL),(527,311,8878253,1919935,0.00,24.00,6.00,0.00,'2016-03-02 09:09:44',NULL),(528,312,8971066,1190779,0.00,64.00,0.00,0.00,'2016-03-02 09:09:44',NULL),(529,313,6340012,1182240,0.00,64.00,0.00,0.00,'2016-03-02 09:09:44',NULL),(530,314,6340012,1181680,0.00,72.00,0.00,0.00,'2016-03-02 09:09:44',NULL),(531,315,6340012,1190795,0.00,40.00,0.00,0.00,'2016-03-02 09:09:44',NULL),(532,319,1810896,1190312,0.00,31.09,0.00,0.00,'2016-03-04 08:57:48',NULL),(533,319,7692101,1190312,0.00,9.83,0.00,0.00,'2016-03-04 08:57:48',NULL),(534,319,8482912,1190312,0.00,4.11,0.00,0.00,'2016-03-04 08:57:48',NULL),(535,319,8878253,1190312,0.00,22.17,0.00,0.00,'2016-03-04 08:57:48',NULL),(536,319,8482915,1190312,0.00,4.11,0.00,0.00,'2016-03-04 08:57:48',NULL),(537,319,10018025,1190312,0.00,8.69,0.00,0.00,'2016-03-04 08:57:48',NULL),(538,320,1810896,1190795,0.00,80.00,0.00,0.00,'2016-03-04 08:57:48',NULL),(539,321,1810896,1190779,0.00,80.00,8.00,0.00,'2016-03-04 08:57:48',NULL),(540,322,1810896,1190312,0.00,8.49,3.26,0.00,'2016-03-04 08:57:48',NULL),(541,322,8482912,1190312,0.00,31.65,11.35,0.00,'2016-03-04 08:57:48',NULL),(542,322,8878253,1190312,0.00,26.49,9.76,0.00,'2016-03-04 08:57:48',NULL),(543,322,10018025,1190312,0.00,13.34,12.41,0.00,'2016-03-04 08:57:48',NULL),(544,323,1810896,1190795,0.00,80.00,0.00,0.00,'2016-03-04 08:57:48',NULL),(545,324,1810896,1190779,0.00,80.00,0.00,0.00,'2016-03-04 08:57:48',NULL),(546,325,1810896,1190779,0.00,80.00,5.00,0.00,'2016-03-04 08:57:48',NULL),(547,326,1810896,1190795,0.00,80.00,0.00,0.00,'2016-03-04 08:57:48',NULL),(548,327,1810896,3338157,0.00,10.91,0.00,0.00,'2016-03-04 08:57:48',NULL),(549,327,8482912,1896371,0.00,10.91,0.00,0.00,'2016-03-04 08:57:48',NULL),(550,327,10018025,3487658,0.00,58.18,0.00,0.00,'2016-03-04 08:57:48',NULL),(551,328,1810896,1431537,0.00,80.00,0.00,0.00,'2016-03-04 08:57:48',NULL),(552,329,1810896,1431537,0.00,80.00,0.00,0.00,'2016-03-04 08:57:48',NULL),(553,330,1810896,1182240,0.00,38.42,0.00,0.00,'2016-03-04 08:57:48',NULL),(554,330,8482912,1182240,0.00,17.18,0.00,0.00,'2016-03-04 08:57:48',NULL),(555,330,8878253,1182240,0.00,17.18,0.00,0.00,'2016-03-04 08:57:48',NULL),(556,330,8482915,1182240,0.00,1.81,0.00,0.00,'2016-03-04 08:57:48',NULL),(557,330,7692101,1182240,0.00,0.90,0.00,0.00,'2016-03-04 08:57:48',NULL),(558,330,10018025,1182240,0.00,4.52,0.00,0.00,'2016-03-04 08:57:48',NULL),(559,331,1810896,1190779,0.00,80.00,0.00,0.00,'2016-03-04 08:57:48',NULL),(560,332,1810896,1190779,0.00,80.00,0.00,0.00,'2016-03-04 08:57:48',NULL),(561,333,1810896,1190795,0.00,7.93,0.00,0.00,'2016-03-04 08:57:48',NULL),(562,333,8482912,3487658,0.00,1.98,0.00,0.00,'2016-03-04 08:57:48',NULL),(563,333,8482915,1182240,0.00,63.47,0.00,0.00,'2016-03-04 08:57:48',NULL),(564,333,6340012,1190795,0.00,6.62,0.00,0.00,'2016-03-04 08:57:48',NULL),(565,334,1810896,1431537,0.00,26.45,0.00,0.00,'2016-03-04 08:57:48',NULL),(566,334,1810896,1190795,0.00,26.45,0.00,0.00,'2016-03-04 08:57:48',NULL),(567,334,1810896,3338867,0.00,5.88,0.00,0.00,'2016-03-04 08:57:48',NULL),(568,334,8482912,3487658,0.00,13.22,0.00,0.00,'2016-03-04 08:57:48',NULL),(569,335,1810896,3338867,0.00,7.66,0.00,0.00,'2016-03-04 08:57:48',NULL),(570,335,1810896,1431537,0.00,2.55,0.00,0.00,'2016-03-04 08:57:48',NULL),(571,335,8482912,1896372,0.00,14.47,0.00,0.00,'2016-03-04 08:57:48',NULL),(572,335,8482912,3487658,0.00,8.51,0.00,0.00,'2016-03-04 08:57:48',NULL),(573,335,8878253,1896372,0.00,46.81,0.00,0.00,'2016-03-04 08:57:48',NULL),(574,336,1810896,3338867,0.00,6.07,0.00,0.00,'2016-03-04 08:57:48',NULL),(575,336,8482915,3487658,0.00,3.03,0.00,0.00,'2016-03-04 08:57:48',NULL),(576,336,8878253,3487658,0.00,21.23,0.00,0.00,'2016-03-04 08:57:48',NULL),(577,336,8983766,3487658,0.00,35.26,0.00,0.00,'2016-03-04 08:57:48',NULL),(578,336,10018025,3487658,0.00,14.41,0.00,0.00,'2016-03-04 08:57:48',NULL),(579,337,8482915,1182240,0.00,3.40,0.00,0.00,'2016-03-04 08:57:48',NULL),(580,337,8983766,1182240,0.00,75.60,0.00,0.00,'2016-03-04 08:57:48',NULL),(581,338,2264130,1181680,0.00,80.00,14.00,0.00,'2016-03-04 08:57:48',NULL),(582,339,2264130,1181680,0.00,28.37,4.63,0.00,'2016-03-04 08:57:48',NULL),(583,339,6340012,1181680,0.00,42.63,8.37,0.00,'2016-03-04 08:57:48',NULL),(584,340,2264130,1181680,0.00,72.00,9.00,0.00,'2016-03-04 08:57:48',NULL),(585,341,7692101,1182240,0.00,21.82,0.00,0.00,'2016-03-04 08:57:48',NULL),(586,341,10018025,1182240,0.00,58.18,0.00,0.00,'2016-03-04 08:57:48',NULL),(587,342,10018025,1896370,0.00,24.00,3.00,0.00,'2016-03-04 08:57:48',NULL),(588,343,8482912,1919942,0.00,45.34,4.66,0.00,'2016-03-04 08:57:48',NULL),(589,343,10018025,1919939,0.00,31.10,3.90,0.00,'2016-03-04 08:57:48',NULL),(590,343,8878253,1919939,0.00,3.56,0.44,0.00,'2016-03-04 08:57:48',NULL),(591,344,8482912,3487658,0.00,80.00,0.00,0.00,'2016-03-04 08:57:48',NULL),(592,345,8482912,1182240,0.00,39.56,13.44,0.00,'2016-03-04 08:57:48',NULL),(593,345,8482912,1190312,0.00,39.56,13.44,0.00,'2016-03-04 08:57:48',NULL),(594,345,8878253,1190312,0.00,0.89,0.36,0.00,'2016-03-04 08:57:48',NULL),(595,346,8482912,1896373,0.00,21.10,0.00,0.00,'2016-03-04 08:57:49',NULL),(596,346,10008019,3487658,0.00,58.90,0.00,0.00,'2016-03-04 08:57:49',NULL),(597,347,8482912,1896373,0.00,67.11,7.89,0.00,'2016-03-04 08:57:49',NULL),(598,347,10018025,1896373,0.00,8.89,1.11,0.00,'2016-03-04 08:57:49',NULL),(599,348,8482912,1896373,0.00,65.24,6.76,0.00,'2016-03-04 08:57:49',NULL),(600,348,10018025,1896373,0.00,14.76,2.24,0.00,'2016-03-04 08:57:49',NULL),(601,349,8482912,1919940,0.00,16.00,2.00,0.00,'2016-03-04 08:57:49',NULL),(602,350,8878253,3703552,0.00,40.00,6.00,0.00,'2016-03-04 08:57:49',NULL),(603,351,8878253,1919935,0.00,64.00,6.50,0.00,'2016-03-04 08:57:49',NULL),(604,352,8878253,1182240,0.00,24.00,0.00,0.00,'2016-03-04 08:57:49',NULL),(605,352,10018025,1182240,0.00,56.00,0.00,0.00,'2016-03-04 08:57:49',NULL),(606,353,8878253,3487658,0.00,80.00,0.00,0.00,'2016-03-04 08:57:49',NULL),(607,354,8878253,1919936,0.00,24.00,0.00,0.00,'2016-03-04 08:57:49',NULL),(608,355,8878253,1919939,55.00,5.33,0.67,0.00,'2016-03-04 08:57:49',NULL),(609,355,10018025,1919942,55.00,18.67,3.33,0.00,'2016-03-04 08:57:49',NULL),(610,356,8971066,1190779,0.00,80.00,0.00,0.00,'2016-03-04 08:57:49',NULL),(611,357,8983766,1919940,0.00,46.32,0.00,0.00,'2016-03-04 08:57:49',NULL),(612,357,10018025,1919940,0.00,33.68,0.00,0.00,'2016-03-04 08:57:49',NULL),(613,358,6340012,1190795,0.00,80.00,0.00,0.00,'2016-03-04 08:57:49',NULL),(614,359,6340012,1181680,0.00,40.00,0.00,0.00,'2016-03-04 08:57:49',NULL),(615,360,6340012,1182240,0.00,80.00,0.00,0.00,'2016-03-04 08:57:49',NULL);
/*!40000 ALTER TABLE `payroll_item_hours` ENABLE KEYS */;
UNLOCK TABLES;

--
-- Table structure for table `payroll_item_other_earnings`
--

DROP TABLE IF EXISTS `payroll_item_other_earnings`;
/*!40101 SET @saved_cs_client     = @@character_set_client */;
/*!40101 SET character_set_client = utf8 */;
CREATE TABLE `payroll_item_other_earnings` (
  `id` int(11) NOT NULL AUTO_INCREMENT,
  `payroll_item_id` int(11) NOT NULL,
  `project_harvest_id` int(11) NOT NULL,
  `department_harvest_id` int(11) NOT NULL,
  `code` varchar(255) NOT NULL,
  `amount` decimal(4,2) NOT NULL,
  `created_on` datetime DEFAULT NULL,
  `modified_on` datetime DEFAULT NULL,
  PRIMARY KEY (`id`)
) ENGINE=InnoDB DEFAULT CHARSET=latin1;
/*!40101 SET character_set_client = @saved_cs_client */;

--
-- Dumping data for table `payroll_item_other_earnings`
--

LOCK TABLES `payroll_item_other_earnings` WRITE;
/*!40000 ALTER TABLE `payroll_item_other_earnings` DISABLE KEYS */;
/*!40000 ALTER TABLE `payroll_item_other_earnings` ENABLE KEYS */;
UNLOCK TABLES;

--
-- Table structure for table `payroll_item_other_hours`
--

DROP TABLE IF EXISTS `payroll_item_other_hours`;
/*!40101 SET @saved_cs_client     = @@character_set_client */;
/*!40101 SET character_set_client = utf8 */;
CREATE TABLE `payroll_item_other_hours` (
  `id` int(11) NOT NULL AUTO_INCREMENT,
  `payroll_item_id` int(11) NOT NULL,
  `project_harvest_id` int(11) NOT NULL,
  `department_harvest_id` int(11) NOT NULL,
  `wage` decimal(5,2) DEFAULT NULL,
  `hours` decimal(4,2) NOT NULL,
  `created_on` datetime DEFAULT NULL,
  `modified_on` datetime DEFAULT NULL,
  PRIMARY KEY (`id`)
) ENGINE=InnoDB AUTO_INCREMENT=170 DEFAULT CHARSET=latin1;
/*!40101 SET character_set_client = @saved_cs_client */;

--
-- Dumping data for table `payroll_item_other_hours`
--

LOCK TABLES `payroll_item_other_hours` WRITE;
/*!40000 ALTER TABLE `payroll_item_other_hours` DISABLE KEYS */;
INSERT INTO `payroll_item_other_hours` VALUES (6,41,1810896,1843313,0.00,56.00,'2016-03-02 02:39:16',NULL),(7,41,1810896,1231548,0.00,8.00,'2016-03-02 02:39:16',NULL),(8,43,1810896,1843313,0.00,8.00,'2016-03-02 02:39:16',NULL),(9,44,1810896,1843313,0.00,4.62,'2016-03-02 02:39:16',NULL),(10,47,1810896,1231548,0.00,8.00,'2016-03-02 02:39:16',NULL),(11,54,7642500,1843313,0.00,24.00,'2016-03-02 02:39:16',NULL),(12,55,2264130,1843313,0.00,8.00,'2016-03-02 02:39:16',NULL),(13,59,7642500,3298878,0.00,18.00,'2016-03-02 02:39:16',NULL),(14,59,8878253,1231548,0.00,16.00,'2016-03-02 02:39:16',NULL),(15,60,7642500,1848228,0.00,40.00,'2016-03-02 02:39:16',NULL),(16,62,7642500,1843313,0.00,24.00,'2016-03-02 02:39:16',NULL),(17,62,8482912,1231548,0.00,8.00,'2016-03-02 02:39:16',NULL),(18,65,7692101,1843313,0.00,48.00,'2016-03-02 02:39:16',NULL),(19,72,7692101,1848228,0.00,8.00,'2016-03-02 02:39:16',NULL),(20,74,7692101,1231548,0.00,17.00,'2016-03-02 02:39:16',NULL),(21,79,7692101,1843313,0.00,8.00,'2016-03-02 02:39:17',NULL),(22,82,7692101,1231548,0.00,9.00,'2016-03-02 02:39:17',NULL),(23,84,7692101,1231548,0.00,16.00,'2016-03-02 02:39:17',NULL),(24,87,7692101,1231548,0.00,16.00,'2016-03-02 02:39:17',NULL),(25,87,8878253,1848228,0.00,10.00,'2016-03-02 02:39:17',NULL),(26,93,8971066,1843313,0.00,8.00,'2016-03-02 02:39:17',NULL),(27,95,6340012,3298878,0.00,8.00,'2016-03-02 02:39:17',NULL),(28,99,1810896,1231548,0.00,4.00,'2016-03-02 02:42:15',NULL),(29,105,8482915,1231548,0.00,12.00,'2016-03-02 02:42:15',NULL),(30,108,1810896,1843313,0.00,8.00,'2016-03-02 02:42:15',NULL),(31,111,1810896,1848228,0.00,8.00,'2016-03-02 02:42:15',NULL),(32,131,8971066,1843313,0.00,4.00,'2016-03-02 02:42:16',NULL),(33,134,10018025,1843313,0.00,8.00,'2016-03-02 02:42:16',NULL),(48,181,1810896,3286813,0.00,20.00,'2016-03-02 09:08:44',NULL),(49,187,1810896,1231548,0.00,8.00,'2016-03-02 09:08:45',NULL),(50,191,1810896,1231548,0.00,8.00,'2016-03-02 09:08:45',NULL),(51,193,1810896,1843313,0.00,40.00,'2016-03-02 09:08:45',NULL),(52,194,1810896,1231548,0.00,12.00,'2016-03-02 09:08:45',NULL),(53,200,2264130,1231548,0.00,19.00,'2016-03-02 09:08:45',NULL),(54,201,8878253,1231548,0.00,8.00,'2016-03-02 09:08:45',NULL),(55,202,7692101,1848228,0.00,80.00,'2016-03-02 09:08:45',NULL),(56,203,7692101,1848228,0.00,40.00,'2016-03-02 09:08:45',NULL),(57,203,7692101,1190784,0.00,8.00,'2016-03-02 09:08:45',NULL),(58,203,7692101,1231548,0.00,8.00,'2016-03-02 09:08:45',NULL),(59,204,8482912,1843313,0.00,40.00,'2016-03-02 09:08:45',NULL),(60,204,8878253,1843313,0.00,40.00,'2016-03-02 09:08:45',NULL),(61,205,8482912,1843313,0.00,16.00,'2016-03-02 09:08:45',NULL),(62,206,8482912,1843313,0.00,8.00,'2016-03-02 09:08:45',NULL),(63,208,8482912,1843313,0.00,8.00,'2016-03-02 09:08:45',NULL),(64,210,8482912,1231548,0.00,8.00,'2016-03-02 09:08:45',NULL),(65,211,8482912,1231548,0.00,8.00,'2016-03-02 09:08:45',NULL),(66,218,8971066,1843313,0.00,4.00,'2016-03-02 09:08:45',NULL),(67,223,1810896,1231548,0.00,15.00,'2016-03-02 09:09:12',NULL),(68,226,1810896,1231548,0.00,18.50,'2016-03-02 09:09:12',NULL),(69,229,1810896,1231548,0.00,16.00,'2016-03-02 09:09:12',NULL),(70,233,1810896,1231548,0.00,8.00,'2016-03-02 09:09:12',NULL),(71,234,1810896,1843313,0.00,24.00,'2016-03-02 09:09:12',NULL),(72,241,7692101,1231548,0.00,12.80,'2016-03-02 09:09:12',NULL),(73,243,7692101,1231548,0.00,8.00,'2016-03-02 09:09:12',NULL),(74,246,7692101,1231548,0.00,8.00,'2016-03-02 09:09:12',NULL),(75,246,7692101,1848228,0.00,40.00,'2016-03-02 09:09:12',NULL),(76,247,7692101,1843313,0.00,24.00,'2016-03-02 09:09:12',NULL),(77,247,7692101,1848228,0.00,24.00,'2016-03-02 09:09:12',NULL),(78,248,7692101,1190784,0.00,16.00,'2016-03-02 09:09:12',NULL),(79,251,8482912,1848228,0.00,8.00,'2016-03-02 09:09:12',NULL),(80,251,8482912,1843313,0.00,16.00,'2016-03-02 09:09:12',NULL),(81,253,8482912,1231548,0.00,8.00,'2016-03-02 09:09:12',NULL),(82,256,8482912,1231548,0.00,8.00,'2016-03-02 09:09:12',NULL),(83,260,8878253,1231548,0.00,8.00,'2016-03-02 09:09:12',NULL),(84,260,8878253,1843313,0.00,8.00,'2016-03-02 09:09:12',NULL),(85,262,8878253,1843313,0.00,4.00,'2016-03-02 09:09:13',NULL),(86,265,6340012,1231548,0.00,8.00,'2016-03-02 09:09:13',NULL),(87,266,6340012,1848228,0.00,48.00,'2016-03-02 09:09:13',NULL),(88,266,6340012,1231548,0.00,8.00,'2016-03-02 09:09:13',NULL),(89,268,1810896,1843313,0.00,12.00,'2016-03-02 09:09:43',NULL),(90,268,1810896,1190784,0.00,16.00,'2016-03-02 09:09:43',NULL),(91,269,1810896,1190784,0.00,16.00,'2016-03-02 09:09:43',NULL),(92,270,1810896,1843313,0.00,8.00,'2016-03-02 09:09:43',NULL),(93,270,1810896,1190784,0.00,16.00,'2016-03-02 09:09:43',NULL),(94,271,1810896,1843313,0.00,8.00,'2016-03-02 09:09:43',NULL),(95,271,1810896,1190784,0.00,16.00,'2016-03-02 09:09:43',NULL),(96,272,1810896,1190784,0.00,16.00,'2016-03-02 09:09:43',NULL),(97,272,1810896,1231548,0.00,12.00,'2016-03-02 09:09:43',NULL),(98,273,1810896,1190784,0.00,16.00,'2016-03-02 09:09:43',NULL),(99,274,1810896,1231548,0.00,8.00,'2016-03-02 09:09:43',NULL),(100,274,1810896,1843313,0.00,8.00,'2016-03-02 09:09:43',NULL),(101,274,1810896,1190784,0.00,16.00,'2016-03-02 09:09:43',NULL),(102,275,1810896,1843313,0.00,24.00,'2016-03-02 09:09:43',NULL),(103,275,1810896,1190784,0.00,16.00,'2016-03-02 09:09:43',NULL),(104,276,1810896,1190784,0.00,16.00,'2016-03-02 09:09:44',NULL),(105,277,1810896,1843313,0.00,8.00,'2016-03-02 09:09:44',NULL),(106,277,1810896,1190784,0.00,16.00,'2016-03-02 09:09:44',NULL),(107,278,1810896,1843313,0.00,12.00,'2016-03-02 09:09:44',NULL),(108,278,1810896,1190784,0.00,16.00,'2016-03-02 09:09:44',NULL),(109,279,1810896,1190784,0.00,16.00,'2016-03-02 09:09:44',NULL),(110,280,1810896,1190784,0.00,16.00,'2016-03-02 09:09:44',NULL),(111,281,2264130,1190784,0.00,16.00,'2016-03-02 09:09:44',NULL),(112,282,2264130,1843313,0.00,8.00,'2016-03-02 09:09:44',NULL),(113,282,2264130,1190784,0.00,16.00,'2016-03-02 09:09:44',NULL),(114,283,2264130,1848228,0.00,24.00,'2016-03-02 09:09:44',NULL),(115,283,2264130,1190784,0.00,16.00,'2016-03-02 09:09:44',NULL),(116,284,7692101,1190784,0.00,16.00,'2016-03-02 09:09:44',NULL),(117,285,7692101,1848228,0.00,24.00,'2016-03-02 09:09:44',NULL),(118,285,7692101,1190784,0.00,16.00,'2016-03-02 09:09:44',NULL),(119,287,7692101,1190784,0.00,16.00,'2016-03-02 09:09:44',NULL),(120,288,7692101,1190784,0.00,16.00,'2016-03-02 09:09:44',NULL),(121,289,7692101,1190784,0.00,16.00,'2016-03-02 09:09:44',NULL),(122,290,7692101,1190784,0.00,16.00,'2016-03-02 09:09:44',NULL),(123,291,7692101,1190784,0.00,16.00,'2016-03-02 09:09:44',NULL),(124,292,7692101,1190784,0.00,16.00,'2016-03-02 09:09:44',NULL),(125,293,7692101,1190784,0.00,16.00,'2016-03-02 09:09:44',NULL),(126,294,7692101,1190784,0.00,16.00,'2016-03-02 09:09:44',NULL),(127,295,7692101,1190784,0.00,16.00,'2016-03-02 09:09:44',NULL),(128,296,7692101,1843313,0.00,16.00,'2016-03-02 09:09:44',NULL),(129,296,7692101,1190784,0.00,16.00,'2016-03-02 09:09:44',NULL),(130,297,7692101,1190784,0.00,16.00,'2016-03-02 09:09:44',NULL),(131,298,8482912,1843313,0.00,3.75,'2016-03-02 09:09:44',NULL),(132,298,8482912,1190784,0.00,16.00,'2016-03-02 09:09:44',NULL),(133,299,7692101,1190784,0.00,16.00,'2016-03-02 09:09:44',NULL),(134,300,8983766,1190784,0.00,16.00,'2016-03-02 09:09:44',NULL),(135,302,8334574,1190784,0.00,8.00,'2016-03-02 09:09:44',NULL),(136,303,8482912,1843313,0.00,30.00,'2016-03-02 09:09:44',NULL),(137,303,8482912,1190784,0.00,20.00,'2016-03-02 09:09:44',NULL),(138,304,8482912,1843313,0.00,24.00,'2016-03-02 09:09:44',NULL),(139,304,8482912,1190784,0.00,16.00,'2016-03-02 09:09:44',NULL),(140,305,8482912,1843313,0.00,2.00,'2016-03-02 09:09:44',NULL),(141,305,8482912,1231548,0.00,16.00,'2016-03-02 09:09:44',NULL),(142,305,8482912,1190784,0.00,16.00,'2016-03-02 09:09:44',NULL),(143,306,8482912,1231548,0.00,8.00,'2016-03-02 09:09:44',NULL),(144,306,8482912,1190784,0.00,16.00,'2016-03-02 09:09:44',NULL),(145,306,8482912,1843313,0.00,8.00,'2016-03-02 09:09:44',NULL),(146,307,8482912,1190784,0.00,16.00,'2016-03-02 09:09:44',NULL),(147,308,8482912,1843313,0.00,24.00,'2016-03-02 09:09:44',NULL),(148,308,8482912,1190784,0.00,16.00,'2016-03-02 09:09:44',NULL),(149,309,8983766,1231548,0.00,18.00,'2016-03-02 09:09:44',NULL),(150,309,8983766,1190784,0.00,16.00,'2016-03-02 09:09:44',NULL),(151,310,8878253,1843313,0.00,24.00,'2016-03-02 09:09:44',NULL),(152,310,8878253,1190784,0.00,16.00,'2016-03-02 09:09:44',NULL),(153,312,8971066,1190784,0.00,16.00,'2016-03-02 09:09:44',NULL),(154,313,6340012,1190784,0.00,16.00,'2016-03-02 09:09:44',NULL),(155,314,6340012,1190784,0.00,8.00,'2016-03-02 09:09:44',NULL),(156,334,1810896,1190784,0.00,8.00,'2016-03-04 08:57:48',NULL),(157,337,1810896,3298878,0.00,1.00,'2016-03-04 08:57:48',NULL),(158,339,6340012,1848228,0.00,8.00,'2016-03-04 08:57:48',NULL),(159,340,2264130,1231548,0.00,8.00,'2016-03-04 08:57:48',NULL),(160,342,7692101,1843313,0.00,16.00,'2016-03-04 08:57:48',NULL),(161,347,8482912,1231548,0.00,4.00,'2016-03-04 08:57:49',NULL),(162,350,8878253,1231548,0.00,8.00,'2016-03-04 08:57:49',NULL),(163,350,8878253,1843313,0.00,32.00,'2016-03-04 08:57:49',NULL),(164,351,8878253,1231548,0.00,16.00,'2016-03-04 08:57:49',NULL),(165,354,8878253,3298878,0.00,8.00,'2016-03-04 08:57:49',NULL),(166,354,8878253,1848228,0.00,32.00,'2016-03-04 08:57:49',NULL),(167,354,8878253,1231548,0.00,16.00,'2016-03-04 08:57:49',NULL),(168,359,6340012,1190784,0.00,8.00,'2016-03-04 08:57:49',NULL),(169,359,6340012,1843313,0.00,32.00,'2016-03-04 08:57:49',NULL);
/*!40000 ALTER TABLE `payroll_item_other_hours` ENABLE KEYS */;
UNLOCK TABLES;

--
-- Table structure for table `payroll_other_earnings_code`
--

DROP TABLE IF EXISTS `payroll_other_earnings_code`;
/*!40101 SET @saved_cs_client     = @@character_set_client */;
/*!40101 SET character_set_client = utf8 */;
CREATE TABLE `payroll_other_earnings_code` (
  `id` int(11) NOT NULL AUTO_INCREMENT,
  `code_id` varchar(255) NOT NULL,
  `code` varchar(255) NOT NULL,
  `description` varchar(255) DEFAULT NULL,
  PRIMARY KEY (`id`)
) ENGINE=InnoDB AUTO_INCREMENT=2 DEFAULT CHARSET=latin1;
/*!40101 SET character_set_client = @saved_cs_client */;

--
-- Dumping data for table `payroll_other_earnings_code`
--

LOCK TABLES `payroll_other_earnings_code` WRITE;
/*!40000 ALTER TABLE `payroll_other_earnings_code` DISABLE KEYS */;
INSERT INTO `payroll_other_earnings_code` VALUES (1,'[unused]','E','Other');
/*!40000 ALTER TABLE `payroll_other_earnings_code` ENABLE KEYS */;
UNLOCK TABLES;

--
-- Table structure for table `payroll_other_hours_code`
--

DROP TABLE IF EXISTS `payroll_other_hours_code`;
/*!40101 SET @saved_cs_client     = @@character_set_client */;
/*!40101 SET character_set_client = utf8 */;
CREATE TABLE `payroll_other_hours_code` (
  `id` int(11) NOT NULL AUTO_INCREMENT,
  `code_id` varchar(255) NOT NULL,
  `code` varchar(255) NOT NULL,
  `description` varchar(255) DEFAULT NULL,
  PRIMARY KEY (`id`)
) ENGINE=InnoDB DEFAULT CHARSET=latin1;
/*!40101 SET character_set_client = @saved_cs_client */;

--
-- Dumping data for table `payroll_other_hours_code`
--

LOCK TABLES `payroll_other_hours_code` WRITE;
/*!40000 ALTER TABLE `payroll_other_hours_code` DISABLE KEYS */;
/*!40000 ALTER TABLE `payroll_other_hours_code` ENABLE KEYS */;
UNLOCK TABLES;

--
-- Table structure for table `projects`
--

DROP TABLE IF EXISTS `projects`;
/*!40101 SET @saved_cs_client     = @@character_set_client */;
/*!40101 SET character_set_client = utf8 */;
CREATE TABLE `projects` (
  `id` int(11) NOT NULL AUTO_INCREMENT,
  `harvest_id` int(11) DEFAULT NULL,
  `harvest_name` varchar(255) DEFAULT NULL,
  `atomic_id` int(11) DEFAULT NULL,
  `name` varchar(255) DEFAULT NULL,
  `created_on` datetime DEFAULT NULL,
  `modified_on` datetime DEFAULT NULL,
  `is_deleted` tinyint(1) DEFAULT '0',
  PRIMARY KEY (`id`)
) ENGINE=InnoDB AUTO_INCREMENT=50 DEFAULT CHARSET=latin1;
/*!40101 SET character_set_client = @saved_cs_client */;

--
-- Dumping data for table `projects`
--

LOCK TABLES `projects` WRITE;
/*!40000 ALTER TABLE `projects` DISABLE KEYS */;
INSERT INTO `projects` VALUES (1,6340012,'CONDUCTOR',1002,NULL,'2015-06-17 02:50:41',NULL,0),(2,6468656,'CONDUCTOR MTL',1001,NULL,'2015-06-03 08:52:13',NULL,0),(3,7344424,'Daddy\'s Home',1003,NULL,'2015-06-03 08:52:13',NULL,0),(4,7709666,'Daddy\'s Home MTL',1004,NULL,'2015-06-03 08:52:13',NULL,0),(5,8061733,'Daddy\'s MTL Asst',1005,NULL,'2015-06-03 08:52:13',NULL,0),(6,7692101,'Deadpool',1007,NULL,'2015-06-03 08:52:13',NULL,0),(7,7692104,'Deadpool MTL',1008,NULL,'2015-06-03 08:52:13',NULL,0),(8,8062593,'Deadpool MTL Asst',1009,NULL,'2015-06-03 08:52:13',NULL,0),(9,2264130,'Development',1006,NULL,'2015-06-03 08:52:13',NULL,0),(10,7089203,'Game of Thrones MTL',1010,NULL,'2015-06-03 08:52:13',NULL,0),(11,6743691,'Game of Thrones OAK',1011,NULL,'2015-06-03 08:52:13',NULL,0),(12,7744100,'Pan MTL',1012,NULL,'2015-06-03 08:52:13',NULL,0),(13,7847927,'Pan MTL ASST',1013,NULL,'2015-06-03 08:52:13',NULL,0),(14,7344434,'Pixels',1014,NULL,'2015-06-03 08:52:13',NULL,0),(15,7907718,'Pixels OAK Asst',1015,NULL,'2015-06-03 08:52:13',NULL,0),(16,7642500,'Rings',1016,NULL,'2015-06-03 08:52:13',NULL,0),(17,7692109,'Rings MTL',1017,NULL,'2015-06-03 08:52:13',NULL,0),(18,6863911,'San Andreas',1018,NULL,'2015-06-03 08:52:13',NULL,0),(19,5696860,'Scouts v Zombies',1021,NULL,'2015-06-03 08:52:13',NULL,0),(20,7543531,'Scouts v Zombies MTL',1022,NULL,'2015-06-03 08:52:13',NULL,0),(21,6058883,'STUDIO MTL',1019,NULL,'2015-06-03 08:52:13',NULL,0),(22,1810896,'STUDIO OAK',1020,NULL,'2015-06-03 08:52:13',NULL,0),(23,6058618,'THE WALK MTL',1025,NULL,'2015-06-03 08:52:13',NULL,0),(24,1823630,'THE WALK OAK',1026,NULL,'2015-06-03 08:52:13',NULL,0),(25,6447590,'Triple Threat',1023,NULL,'2015-06-03 08:52:13',NULL,0),(26,7955047,'Triple Threat OAK Asst',1024,NULL,'2015-06-03 08:52:13',NULL,0),(27,6534835,'WALK OAK / MTL SUPPORT',1027,NULL,'2015-06-03 08:52:13',NULL,0),(28,8334574,'Deadpool MTL Asst-LOCAL',1028,NULL,'2015-08-14 06:30:25',NULL,0),(29,8334510,'RINGS MTL Assist-LOCAL',1029,NULL,'2015-08-14 06:30:42',NULL,0),(30,8185398,'Rings MTL Asst',1030,NULL,'2015-08-14 06:30:57',NULL,0),(31,8482915,'SK Untitled',1031,NULL,'2015-08-14 06:31:14',NULL,0),(32,8482912,'Washington',1032,NULL,'2015-08-14 06:31:31',NULL,0),(33,8610708,'WASHINGTON MTL',1033,NULL,'2015-08-14 06:31:48',NULL,0),(34,10018025,'The Huntsman',11505,NULL,'2016-03-03 02:14:46',NULL,0),(35,10008019,'Office Christmas Party',11506,NULL,'2016-03-03 02:15:08',NULL,0),(36,5181372,'Rise',1034,NULL,'2016-03-03 02:16:13',NULL,0),(37,8878253,'HERSCHEL MTL Assist',1035,NULL,'2016-03-03 02:16:26',NULL,0),(38,8934560,'Hit Record',1036,NULL,'2016-03-03 02:16:38',NULL,0),(39,8971066,'STUDIO OAK SYSTEMS',1037,NULL,'2016-03-03 02:16:58',NULL,0),(40,8971079,'STUDIO MTL SYSTEMS',1038,NULL,'2016-03-03 02:17:14',NULL,0),(41,8971081,'STUDIO MTL DEVELOPMENT',1039,NULL,'2016-03-03 02:17:29',NULL,0),(42,8983766,'Washington MTL Asst',1040,NULL,'2016-03-03 02:17:46',NULL,0),(43,9311777,'HERSCHEL MTL',1041,NULL,'2016-03-03 02:17:59',NULL,0),(44,9574663,'UNTITLED STEVE KNIGHT MTL',1042,NULL,'2016-03-03 02:18:14',NULL,0),(45,9587937,'UNTITLED STEVE KNIGHT MTL ASST-LOCAL',1043,NULL,'2016-03-03 02:18:29',NULL,0),(46,10028020,'STUDIO MTL SETUP',1044,NULL,'2016-03-03 02:18:46',NULL,0),(47,10028020,'STUDIO MTL SETUP',1044,NULL,'2016-03-03 02:18:49',NULL,0),(48,10171771,'Rise MTL',1045,NULL,'2016-03-03 02:19:04',NULL,0),(49,10043110,'The Huntsman MTL',1046,NULL,'2016-03-03 02:19:19',NULL,0);
/*!40000 ALTER TABLE `projects` ENABLE KEYS */;
UNLOCK TABLES;

--
-- Table structure for table `tbl_migration`
--

DROP TABLE IF EXISTS `tbl_migration`;
/*!40101 SET @saved_cs_client     = @@character_set_client */;
/*!40101 SET character_set_client = utf8 */;
CREATE TABLE `tbl_migration` (
  `version` varchar(180) NOT NULL,
  `apply_time` int(11) DEFAULT NULL,
  PRIMARY KEY (`version`)
) ENGINE=InnoDB DEFAULT CHARSET=latin1;
/*!40101 SET character_set_client = @saved_cs_client */;

--
-- Dumping data for table `tbl_migration`
--

LOCK TABLES `tbl_migration` WRITE;
/*!40000 ALTER TABLE `tbl_migration` DISABLE KEYS */;
INSERT INTO `tbl_migration` VALUES ('m000000_000000_base',1433200581),('m150530_000949_firsttables',1433200584),('m150601_234144_changeprojecttable',1433202351),('m150602_140237_updateuserstable',1433253854),('m150602_151307_updateuserstable',1433258037),('m150609_173814_updateemployeehwage',1433871613);
/*!40000 ALTER TABLE `tbl_migration` ENABLE KEYS */;
UNLOCK TABLES;

--
-- Table structure for table `users`
--

DROP TABLE IF EXISTS `users`;
/*!40101 SET @saved_cs_client     = @@character_set_client */;
/*!40101 SET character_set_client = utf8 */;
CREATE TABLE `users` (
  `id` int(11) NOT NULL AUTO_INCREMENT,
  `username` varchar(255) NOT NULL,
  `password` varchar(255) NOT NULL,
  `salt` varchar(255) NOT NULL,
  `role` varchar(255) NOT NULL,
  `created_on` datetime DEFAULT NULL,
  `modified_on` datetime DEFAULT NULL,
  `is_deleted` tinyint(1) DEFAULT '0',
  PRIMARY KEY (`id`),
  UNIQUE KEY `username` (`username`)
) ENGINE=InnoDB AUTO_INCREMENT=24 DEFAULT CHARSET=latin1;
/*!40101 SET character_set_client = @saved_cs_client */;

--
-- Dumping data for table `users`
--

LOCK TABLES `users` WRITE;
/*!40000 ALTER TABLE `users` DISABLE KEYS */;
INSERT INTO `users` VALUES (20,'atomic_admin','e8abe9a830dc480a49b9496992a863db170865303df1237d44f7a312fb638a0f','VEJf&bC65h%(','admin','2015-06-02 00:00:00','2015-06-02 09:02:50',0),(21,'atomic_payroll','37319764f981f7885ff9487418181e44326345b6ba05b9b22f303ad2217df6e5','Zx_CYJKc0ViR','user','2015-06-02 00:00:00',NULL,0),(23,'excelisys','743dfe175733dfa6358cd83fae21fe36e04ea849734bcda6547998399e4fc6e8','VtOVWivdbP5w','super','2015-06-02 00:00:00',NULL,0);
/*!40000 ALTER TABLE `users` ENABLE KEYS */;
UNLOCK TABLES;
/*!40103 SET TIME_ZONE=@OLD_TIME_ZONE */;

/*!40101 SET SQL_MODE=@OLD_SQL_MODE */;
/*!40014 SET FOREIGN_KEY_CHECKS=@OLD_FOREIGN_KEY_CHECKS */;
/*!40014 SET UNIQUE_CHECKS=@OLD_UNIQUE_CHECKS */;
/*!40101 SET CHARACTER_SET_CLIENT=@OLD_CHARACTER_SET_CLIENT */;
/*!40101 SET CHARACTER_SET_RESULTS=@OLD_CHARACTER_SET_RESULTS */;
/*!40101 SET COLLATION_CONNECTION=@OLD_COLLATION_CONNECTION */;
/*!40111 SET SQL_NOTES=@OLD_SQL_NOTES */;

-- Dump completed on 2016-03-04  7:03:38
